timestamp_s,x,y,z,qx,qy,qz,qw
1773245342.037747,-0.000318,-0.000089,0.139443,0.001058,-0.000438,-0.000153,0.999999
1773245342.071557,-0.000290,-0.000078,0.139761,0.001197,-0.000430,-0.000160,0.999999
1773245342.115981,-0.000199,-0.000060,0.139903,0.001229,-0.000392,-0.000155,0.999999
1773245342.138505,-0.000199,-0.000060,0.139903,0.001229,-0.000392,-0.000155,0.999999
1773245342.172363,-0.000401,-0.000200,0.139544,0.001631,-0.000429,-0.000189,0.999999
1773245342.204496,-0.000216,-0.000208,0.139755,0.001539,-0.000421,-0.000181,0.999999
1773245342.237663,-0.000404,-0.000163,0.139486,0.001518,-0.000434,-0.000183,0.999999
1773245342.272583,-0.000316,-0.000072,0.139581,0.001593,-0.000489,-0.000197,0.999999
1773245342.304651,-0.000341,-0.000137,0.139298,0.001685,-0.000462,-0.000199,0.999998
1773245342.338199,-0.000368,-0.000088,0.139097,0.001378,-0.000453,-0.000176,0.999999
1773245342.372356,-0.000391,-0.000083,0.139215,0.001301,-0.000482,-0.000177,0.999999
1773245342.404294,-0.000391,-0.000083,0.139215,0.001301,-0.000482,-0.000177,0.999999
1773245342.462166,-0.000297,-0.000144,0.139461,0.000806,-0.000437,-0.000133,1.000000
1773245342.471425,-0.000250,-0.000132,0.139811,0.000766,-0.000433,-0.000127,1.000000
1773245342.504804,-0.000253,-0.000151,0.139528,0.000686,-0.000529,-0.000142,1.000000
1773245342.539555,-0.000252,-0.000093,0.139564,0.000919,-0.000478,-0.000149,0.999999
1773245342.572099,-0.000402,-0.000237,0.139537,0.001329,-0.000544,-0.000189,0.999999
1773245342.604299,-0.000424,-0.000163,0.139625,0.000293,-0.000556,-0.000122,1.000000
1773245342.637679,-0.000332,0.000039,0.139754,0.000002,-0.000520,-0.000096,1.000000
1773245342.672600,-0.000256,-0.000198,0.139683,0.000655,-0.000487,-0.000134,1.000000
1773245342.704261,-0.000371,-0.000071,0.139447,0.000315,-0.000527,-0.000120,1.000000
1773245342.737551,-0.000481,-0.000203,0.139530,0.000378,-0.000526,-0.000124,1.000000
1773245342.772156,-0.000273,-0.000116,0.139544,-0.000347,-0.000492,-0.000069,1.000000
1773245342.804049,-0.000295,-0.000146,0.139551,-0.000300,-0.000475,-0.000070,1.000000
1773245342.837617,-0.000358,-0.000177,0.139483,-0.000262,-0.000501,-0.000075,1.000000
1773245342.872174,-0.000188,-0.000069,0.139782,-0.000175,-0.000545,-0.000090,1.000000
1773245342.908280,-0.000189,-0.000126,0.139480,-0.000333,-0.000538,-0.000080,1.000000
1773245342.937810,-0.000423,-0.000057,0.139638,-0.000643,-0.000552,-0.000059,1.000000
1773245342.971617,-0.000272,-0.000113,0.139694,-0.000258,-0.000519,-0.000079,1.000000
1773245343.005740,-0.000238,-0.000140,0.139562,0.000269,-0.000567,-0.000125,1.000000
1773245343.044606,-0.000340,-0.000108,0.139291,-0.000585,-0.000553,-0.000064,1.000000
1773245343.072395,-0.000495,-0.000152,0.139388,-0.000265,-0.000546,-0.000083,1.000000
1773245343.104400,-0.000495,-0.000152,0.139388,-0.000265,-0.000546,-0.000083,1.000000
1773245343.137687,-0.000307,-0.000163,0.139372,-0.000566,-0.000606,-0.000074,1.000000
1773245343.172172,-0.000442,-0.000091,0.139421,-0.000620,-0.000645,-0.000077,1.000000
1773245343.204232,-0.000314,-0.000035,0.139673,-0.001122,-0.000623,-0.000039,0.999999
1773245343.237626,-0.000292,-0.000039,0.139448,-0.000856,-0.000642,-0.000062,0.999999
1773245343.272197,-0.000272,-0.000157,0.139506,-0.000688,-0.000650,-0.000075,1.000000
1773245343.304249,-0.000492,-0.000142,0.139552,-0.000545,-0.000668,-0.000089,1.000000
1773245343.337598,-0.000337,-0.000108,0.139689,-0.000562,-0.000641,-0.000083,1.000000
1773245343.372158,-0.000322,-0.000110,0.139634,-0.000192,-0.000632,-0.000105,1.000000
1773245343.404244,-0.000415,-0.000156,0.139631,0.000060,-0.000701,-0.000136,1.000000
1773245343.437641,-0.000308,-0.000033,0.139535,-0.000366,-0.000659,-0.000099,1.000000
1773245343.472256,-0.000359,-0.000035,0.139502,-0.000184,-0.000662,-0.000113,1.000000
1773245343.504259,-0.000295,-0.000088,0.139501,-0.000261,-0.000585,-0.000092,1.000000
1773245343.537641,-0.000442,-0.000178,0.139693,-0.000177,-0.000620,-0.000106,1.000000
1773245343.572086,-0.000430,-0.000178,0.139575,-0.000258,-0.000611,-0.000097,1.000000
1773245343.604238,-0.000303,0.000054,0.139515,-0.000315,-0.000630,-0.000096,1.000000
1773245343.637603,-0.000302,-0.000104,0.139570,0.000232,-0.000585,-0.000125,1.000000
1773245343.674962,-0.000342,-0.000235,0.139685,0.000964,-0.000598,-0.000177,0.999999
1773245343.706282,-0.000356,-0.000129,0.139561,0.001100,-0.000640,-0.000194,0.999999
1773245343.738620,-0.000356,-0.000129,0.139561,0.001100,-0.000640,-0.000194,0.999999
1773245343.793848,-0.000392,-0.000031,0.139590,0.000893,-0.000628,-0.000179,0.999999
1773245343.815616,-0.000392,-0.000031,0.139590,0.000893,-0.000628,-0.000179,0.999999
1773245343.850677,-0.000293,-0.000089,0.139256,0.001388,-0.000612,-0.000208,0.999999
1773245343.884737,-0.000347,-0.000058,0.139437,0.001286,-0.000637,-0.000208,0.999999
1773245343.911133,-0.000409,-0.000166,0.139479,0.000848,-0.000627,-0.000175,0.999999
1773245343.937690,-0.000448,-0.000079,0.139837,0.000693,-0.000633,-0.000168,1.000000
1773245343.972609,-0.000228,-0.000192,0.139543,0.000400,-0.000598,-0.000141,1.000000
1773245344.004643,-0.000345,-0.000287,0.139535,0.000759,-0.000649,-0.000176,0.999999
1773245344.037830,-0.000402,-0.000062,0.139636,0.000399,-0.000645,-0.000151,1.000000
1773245344.072082,-0.000344,-0.000072,0.139657,0.000789,-0.000610,-0.000170,0.999999
1773245344.115001,-0.000262,-0.000176,0.139506,0.000975,-0.000634,-0.000187,0.999999
1773245344.142066,-0.000505,-0.000116,0.139635,0.000833,-0.000653,-0.000182,0.999999
1773245344.173992,-0.000332,-0.000170,0.139324,0.000501,-0.000595,-0.000147,1.000000
1773245344.204388,-0.000275,-0.000035,0.139749,0.000082,-0.000569,-0.000113,1.000000
1773245344.237667,-0.000250,-0.000038,0.139525,0.000258,-0.000588,-0.000130,1.000000
1773245344.275161,-0.000463,-0.000274,0.139439,0.000897,-0.000608,-0.000178,0.999999
1773245344.304367,-0.000463,-0.000274,0.139439,0.000897,-0.000608,-0.000178,0.999999
1773245344.337709,-0.000415,-0.000123,0.139396,0.001373,-0.000614,-0.000211,0.999999
1773245344.379271,-0.000292,-0.000212,0.139452,0.001716,-0.000562,-0.000224,0.999998
1773245344.411331,-0.000418,-0.000138,0.139389,0.001968,-0.000613,-0.000251,0.999998
1773245344.437663,-0.000400,-0.000183,0.139239,0.001644,-0.000596,-0.000226,0.999998
1773245344.475028,-0.000373,-0.000083,0.139479,0.001317,-0.000630,-0.000210,0.999999
1773245344.504282,-0.000412,-0.000107,0.139311,0.000720,-0.000573,-0.000157,1.000000
1773245344.537639,-0.000345,-0.000116,0.139201,0.000107,-0.000597,-0.000121,1.000000
1773245344.571544,-0.000346,-0.000078,0.139601,0.000358,-0.000602,-0.000140,1.000000
1773245344.604774,-0.000313,-0.000043,0.139615,-0.000148,-0.000597,-0.000106,1.000000
1773245344.638173,-0.000459,-0.000165,0.139503,-0.000544,-0.000573,-0.000073,1.000000
1773245344.671642,-0.000292,-0.000076,0.139623,-0.000005,-0.000618,-0.000119,1.000000
1773245344.704252,-0.000361,-0.000098,0.139551,0.000057,-0.000627,-0.000123,1.000000
1773245344.737609,-0.000335,-0.000173,0.139451,0.000524,-0.000630,-0.000157,1.000000
1773245344.778006,-0.000490,-0.000142,0.139273,0.000703,-0.000601,-0.000163,1.000000
1773245344.804647,-0.000147,-0.000110,0.139759,0.000112,-0.000622,-0.000129,1.000000
1773245344.837611,-0.000324,-0.000064,0.139130,0.000075,-0.000653,-0.000130,1.000000
1773245344.871656,-0.000324,-0.000064,0.139130,0.000075,-0.000653,-0.000130,1.000000
1773245344.904648,-0.000414,-0.000122,0.139309,0.000416,-0.000652,-0.000152,1.000000
1773245344.937630,-0.000414,-0.000122,0.139309,0.000416,-0.000652,-0.000152,1.000000
1773245344.972000,-0.000390,-0.000163,0.139266,0.000989,-0.000628,-0.000188,0.999999
1773245345.004429,-0.000392,-0.000168,0.139353,0.001091,-0.000615,-0.000193,0.999999
1773245345.053468,-0.000392,-0.000168,0.139353,0.001091,-0.000615,-0.000193,0.999999
1773245345.079036,-0.000402,-0.000178,0.139551,0.001018,-0.000628,-0.000190,0.999999
1773245345.106603,-0.000379,-0.000241,0.139148,0.000974,-0.000609,-0.000183,0.999999
1773245345.137581,-0.000390,-0.000255,0.139304,0.001036,-0.000644,-0.000194,0.999999
1773245345.171613,-0.000390,-0.000255,0.139304,0.001036,-0.000644,-0.000194,0.999999
1773245345.204272,-0.000390,-0.000255,0.139304,0.001036,-0.000644,-0.000194,0.999999
1773245345.237707,-0.000390,-0.000255,0.139304,0.001036,-0.000644,-0.000194,0.999999
1773245345.272256,-0.000391,-0.000262,0.139395,0.000998,-0.000610,-0.000185,0.999999
1773245345.310333,-0.000394,-0.000269,0.139492,0.000782,-0.000619,-0.000171,0.999999
1773245345.356019,-0.000394,-0.000269,0.139492,0.000782,-0.000619,-0.000171,0.999999
1773245345.372174,-0.000337,-0.000106,0.139202,0.000445,-0.000652,-0.000155,1.000000
1773245345.404378,-0.000324,-0.000083,0.139361,0.000403,-0.000614,-0.000145,1.000000
1773245345.437644,-0.000308,-0.000038,0.139751,0.000707,-0.000632,-0.000169,1.000000
1773245345.472305,-0.000297,-0.000180,0.139272,0.001249,-0.000593,-0.000198,0.999999
1773245345.504238,-0.000398,-0.000155,0.139327,0.000013,-0.000640,-0.000122,1.000000
1773245345.537678,-0.000337,-0.000064,0.139365,0.000304,-0.000603,-0.000136,1.000000
1773245345.572359,-0.000462,-0.000057,0.139491,0.000414,-0.000627,-0.000149,1.000000
1773245345.604313,-0.000298,-0.000184,0.139059,0.000100,-0.000614,-0.000125,1.000000
1773245345.637615,-0.000343,-0.000073,0.139371,-0.000451,-0.000634,-0.000090,1.000000
1773245345.671981,-0.000364,-0.000159,0.139452,-0.000516,-0.000644,-0.000086,1.000000
1773245345.704273,-0.000407,-0.000046,0.139391,-0.001091,-0.000695,-0.000059,0.999999
1773245345.742532,-0.000353,-0.000115,0.139470,-0.001301,-0.000659,-0.000038,0.999999
1773245345.772330,-0.000341,-0.000186,0.139550,-0.001758,-0.000616,0.000004,0.999998
1773245345.804253,-0.000394,-0.000197,0.139507,-0.001399,-0.000675,-0.000032,0.999999
1773245345.837718,-0.000372,-0.000043,0.139583,-0.001686,-0.000700,-0.000017,0.999998
1773245345.872190,-0.000339,-0.000035,0.139218,-0.001198,-0.000695,-0.000052,0.999999
1773245345.904284,-0.000267,-0.000193,0.139401,-0.001224,-0.000696,-0.000047,0.999999
1773245345.937683,-0.000403,-0.000259,0.139472,-0.000403,-0.000734,-0.000111,1.000000
1773245345.972260,-0.000289,0.000008,0.139476,-0.001158,-0.000753,-0.000063,0.999999
1773245346.004297,-0.000235,-0.000130,0.139345,-0.000667,-0.000751,-0.000096,0.999999
1773245346.037648,-0.000435,-0.000150,0.139392,-0.000991,-0.000735,-0.000069,0.999999
1773245346.072188,-0.000299,-0.000102,0.139466,-0.000650,-0.000730,-0.000090,1.000000
1773245346.104231,-0.000336,-0.000016,0.139527,0.000499,-0.000735,-0.000171,1.000000
1773245346.137599,-0.000478,-0.000223,0.139295,0.000278,-0.000715,-0.000151,1.000000
1773245346.172589,-0.000331,-0.000137,0.139566,0.000015,-0.000729,-0.000137,1.000000
1773245346.204295,-0.000327,-0.000215,0.139479,0.000161,-0.000745,-0.000150,1.000000
1773245346.237991,-0.000255,-0.000055,0.139565,-0.000536,-0.000733,-0.000100,1.000000
1773245346.272416,-0.000509,-0.000118,0.139525,-0.000636,-0.000727,-0.000092,1.000000
1773245346.304299,-0.000398,-0.000100,0.139532,-0.000583,-0.000740,-0.000098,1.000000
1773245346.337810,-0.000383,-0.000197,0.139341,-0.000040,-0.000749,-0.000136,1.000000
1773245346.371999,-0.000374,-0.000105,0.139380,-0.000786,-0.000750,-0.000089,0.999999
1773245346.404291,-0.000367,-0.000117,0.139571,-0.000688,-0.000734,-0.000091,0.999999
1773245346.437755,-0.000314,-0.000040,0.139772,-0.000566,-0.000803,-0.000113,1.000000
1773245346.471977,-0.000363,-0.000142,0.139509,-0.000130,-0.000823,-0.000147,1.000000
1773245346.504284,-0.000377,-0.000195,0.139420,-0.000481,-0.000768,-0.000110,1.000000
1773245346.537961,-0.000358,-0.000135,0.139342,-0.000067,-0.000760,-0.000137,1.000000
1773245346.571703,-0.000392,-0.000186,0.139515,0.000038,-0.000781,-0.000147,1.000000
1773245346.604313,-0.000431,-0.000158,0.139508,-0.000013,-0.000765,-0.000140,1.000000
1773245346.637675,-0.000295,0.000024,0.139758,-0.000142,-0.000785,-0.000134,1.000000
1773245346.671451,-0.000246,-0.000133,0.139357,-0.000662,-0.000784,-0.000097,0.999999
1773245346.704281,-0.000403,-0.000248,0.139411,-0.000184,-0.000866,-0.000147,1.000000
1773245346.737677,-0.000446,0.000002,0.139507,-0.000876,-0.000834,-0.000093,0.999999
1773245346.772307,-0.000325,-0.000191,0.139450,-0.000734,-0.000788,-0.000094,0.999999
1773245346.804316,-0.000353,-0.000062,0.139415,-0.000529,-0.000798,-0.000111,1.000000
1773245346.837921,-0.000509,-0.000297,0.139453,-0.000462,-0.000791,-0.000115,1.000000
1773245346.872332,-0.000253,-0.000043,0.139480,-0.000445,-0.000789,-0.000116,1.000000
1773245346.904284,-0.000449,-0.000214,0.139584,-0.000369,-0.000767,-0.000117,1.000000
1773245346.937659,-0.000469,-0.000257,0.139566,-0.000285,-0.000767,-0.000123,1.000000
1773245346.972466,-0.000308,-0.000112,0.139506,-0.000350,-0.000782,-0.000122,1.000000
1773245347.004308,-0.000325,-0.000072,0.139367,-0.000821,-0.000764,-0.000086,0.999999
1773245347.037670,-0.000380,-0.000116,0.139227,-0.000925,-0.000757,-0.000080,0.999999
1773245347.072539,-0.000381,-0.000024,0.139338,-0.001342,-0.000760,-0.000053,0.999999
1773245347.104220,-0.000263,-0.000095,0.139264,-0.000848,-0.000775,-0.000089,0.999999
1773245347.137738,-0.000263,-0.000095,0.139264,-0.000848,-0.000775,-0.000089,0.999999
1773245347.172125,-0.000256,-0.000094,0.139340,-0.000913,-0.000771,-0.000085,0.999999
1773245347.207910,-0.000365,-0.000135,0.139120,-0.001035,-0.000771,-0.000077,0.999999
1773245347.249984,-0.000378,-0.000083,0.139552,-0.000853,-0.000752,-0.000085,0.999999
1773245347.272865,-0.000435,-0.000088,0.139408,0.000218,-0.000802,-0.000169,1.000000
1773245347.304270,-0.000381,-0.000038,0.139224,-0.000154,-0.000759,-0.000135,1.000000
1773245347.337863,-0.000334,-0.000172,0.139390,0.000551,-0.000757,-0.000184,1.000000
1773245347.371864,-0.000421,-0.000261,0.139558,0.000080,-0.000832,-0.000164,1.000000
1773245347.404337,-0.000428,-0.000086,0.139427,-0.000155,-0.000840,-0.000149,1.000000
1773245347.437682,-0.000201,-0.000051,0.139301,-0.000615,-0.000798,-0.000109,0.999999
1773245347.472302,-0.000403,-0.000281,0.139311,0.000483,-0.000803,-0.000183,1.000000
1773245347.504407,-0.000532,-0.000095,0.139494,0.000364,-0.000832,-0.000181,1.000000
1773245347.538433,-0.000301,-0.000131,0.139432,0.000466,-0.000775,-0.000179,1.000000
1773245347.572352,-0.000349,-0.000185,0.139464,0.000933,-0.000711,-0.000199,0.999999
1773245347.604230,-0.000341,-0.000168,0.139410,0.000441,-0.000735,-0.000169,1.000000
1773245347.637630,-0.000348,-0.000080,0.139386,0.000667,-0.000747,-0.000186,0.999999
1773245347.672102,-0.000219,-0.000077,0.139363,0.000835,-0.000727,-0.000193,0.999999
1773245347.704265,-0.000366,-0.000160,0.139544,0.000325,-0.000711,-0.000155,1.000000
1773245347.737800,-0.000358,-0.000162,0.139456,0.000717,-0.000709,-0.000181,0.999999
1773245347.772152,-0.000281,-0.000102,0.139621,0.001103,-0.000775,-0.000221,0.999999
1773245347.804293,-0.000256,-0.000099,0.139549,0.001053,-0.000740,-0.000210,0.999999
1773245347.837699,-0.000256,-0.000099,0.139549,0.001053,-0.000740,-0.000210,0.999999
1773245347.872268,-0.000383,-0.000087,0.139436,0.000915,-0.000718,-0.000194,0.999999
1773245347.905033,-0.000383,-0.000087,0.139436,0.000915,-0.000718,-0.000194,0.999999
1773245347.937669,-0.000345,-0.000083,0.139473,0.001378,-0.000749,-0.000233,0.999999
1773245347.972312,-0.000399,-0.000117,0.139057,0.000635,-0.000684,-0.000171,1.000000
1773245348.004293,-0.000400,-0.000105,0.139368,0.000494,-0.000661,-0.000158,1.000000
1773245348.038345,-0.000400,-0.000105,0.139368,0.000494,-0.000661,-0.000158,1.000000
1773245348.072499,-0.000424,-0.000346,0.139208,0.000574,-0.000734,-0.000178,1.000000
1773245348.107919,-0.000424,-0.000346,0.139208,0.000574,-0.000734,-0.000178,1.000000
1773245348.138730,-0.000374,-0.000160,0.139174,-0.000241,-0.000743,-0.000123,1.000000
1773245348.172228,-0.000309,-0.000080,0.139418,0.000611,-0.000717,-0.000178,1.000000
1773245348.204297,-0.000480,-0.000132,0.139506,0.000436,-0.000700,-0.000162,1.000000
1773245348.237690,-0.000428,-0.000119,0.139574,0.000796,-0.000682,-0.000185,0.999999
1773245348.272167,-0.000229,-0.000119,0.139302,0.000604,-0.000680,-0.000171,1.000000
1773245348.304346,-0.000339,-0.000205,0.139325,0.000821,-0.000655,-0.000182,0.999999
1773245348.337631,-0.000431,-0.000109,0.139371,0.000083,-0.000705,-0.000142,1.000000
1773245348.372306,-0.000338,-0.000071,0.139470,0.000608,-0.000668,-0.000169,1.000000
1773245348.404254,-0.000345,-0.000202,0.139446,0.000619,-0.000607,-0.000158,1.000000
1773245348.437601,-0.000321,-0.000224,0.139398,0.001233,-0.000611,-0.000201,0.999999
1773245348.472261,-0.000406,-0.000161,0.139586,0.000763,-0.000633,-0.000174,0.999999
1773245348.504229,-0.000079,0.000027,0.139417,0.000472,-0.000644,-0.000156,1.000000
1773245348.537599,-0.000235,-0.000275,0.139475,0.000671,-0.000644,-0.000170,1.000000
1773245348.572372,-0.000430,-0.000233,0.139387,0.000970,-0.000616,-0.000186,0.999999
1773245348.604301,-0.000248,-0.000051,0.139353,0.000831,-0.000609,-0.000174,0.999999
1773245348.637657,-0.000160,-0.000187,0.139315,0.000404,-0.000614,-0.000145,1.000000
1773245348.672324,-0.000160,-0.000187,0.139315,0.000404,-0.000614,-0.000145,1.000000
1773245348.707747,-0.000160,-0.000187,0.139315,0.000404,-0.000614,-0.000145,1.000000
1773245348.740401,-0.000315,-0.000173,0.139531,0.000347,-0.000637,-0.000146,1.000000
1773245348.773260,-0.000295,-0.000029,0.139399,-0.000099,-0.000643,-0.000117,1.000000
1773245348.804309,-0.000456,-0.000204,0.139286,-0.000246,-0.000640,-0.000106,1.000000
1773245348.838062,-0.000298,-0.000113,0.139230,0.000055,-0.000623,-0.000123,1.000000
1773245348.877179,-0.000333,-0.000131,0.139258,-0.000666,-0.000694,-0.000087,1.000000
1773245348.904333,-0.000432,-0.000260,0.139158,-0.000570,-0.000707,-0.000093,1.000000
1773245348.937885,-0.000175,-0.000083,0.139486,-0.000615,-0.000635,-0.000077,1.000000
1773245348.971934,-0.000276,-0.000098,0.139402,0.000233,-0.000662,-0.000140,1.000000
1773245349.004344,-0.000249,-0.000083,0.139361,0.000240,-0.000653,-0.000140,1.000000
1773245349.045845,-0.000508,-0.000221,0.139385,0.000348,-0.000715,-0.000161,1.000000
1773245349.072968,-0.000328,-0.000085,0.139253,0.000034,-0.000662,-0.000128,1.000000
1773245349.104678,-0.000328,-0.000085,0.139253,0.000034,-0.000662,-0.000128,1.000000
1773245349.138785,-0.000388,-0.000234,0.139178,0.000754,-0.000628,-0.000171,1.000000
1773245349.172221,-0.000453,-0.000094,0.139530,0.000120,-0.000642,-0.000132,1.000000
1773245349.215607,-0.000453,-0.000094,0.139530,0.000120,-0.000642,-0.000132,1.000000
1773245349.237600,-0.000305,-0.000089,0.139116,0.000355,-0.000620,-0.000145,1.000000
1773245349.272762,-0.000302,-0.000091,0.139161,0.000589,-0.000619,-0.000161,1.000000
1773245349.304308,-0.000302,-0.000091,0.139161,0.000589,-0.000619,-0.000161,1.000000
1773245349.341517,-0.000302,-0.000091,0.139161,0.000589,-0.000619,-0.000161,1.000000
1773245349.378048,-0.000303,-0.000096,0.139295,0.000386,-0.000596,-0.000143,1.000000
1773245349.404324,-0.000408,-0.000239,0.139008,0.000668,-0.000605,-0.000163,1.000000
1773245349.437605,-0.000288,-0.000139,0.139642,0.000151,-0.000668,-0.000140,1.000000
1773245349.472149,-0.000402,-0.000173,0.139109,-0.000157,-0.000687,-0.000122,1.000000
1773245349.504215,-0.000485,-0.000233,0.139400,-0.000380,-0.000695,-0.000108,1.000000
1773245349.537598,-0.000396,-0.000129,0.139362,-0.000869,-0.000714,-0.000078,0.999999
1773245349.572431,-0.000382,-0.000091,0.139376,-0.000234,-0.000754,-0.000129,1.000000
1773245349.604346,-0.000358,-0.000120,0.139351,0.000298,-0.000765,-0.000168,1.000000
1773245349.637629,-0.000396,-0.000141,0.139474,0.000257,-0.000774,-0.000168,1.000000
1773245349.672465,-0.000378,-0.000086,0.139192,0.000409,-0.000783,-0.000179,1.000000
1773245349.704215,-0.000268,-0.000050,0.139322,0.000412,-0.000780,-0.000177,1.000000
1773245349.737651,-0.000403,-0.000173,0.139114,0.001142,-0.000793,-0.000229,0.999999
1773245349.772365,-0.000505,-0.000162,0.139352,0.000748,-0.000754,-0.000195,0.999999
1773245349.804348,-0.000230,-0.000074,0.139578,-0.000104,-0.000776,-0.000141,1.000000
1773245349.837673,-0.000271,-0.000194,0.139259,0.000175,-0.000779,-0.000160,1.000000
1773245349.873792,-0.000364,-0.000154,0.139483,-0.000351,-0.000814,-0.000130,1.000000
1773245349.908273,-0.000453,-0.000046,0.139364,-0.000560,-0.000805,-0.000114,1.000000
1773245349.940923,-0.000268,-0.000019,0.139180,-0.001104,-0.000817,-0.000079,0.999999
1773245349.972548,-0.000421,-0.000263,0.139311,-0.001066,-0.000810,-0.000078,0.999999
1773245350.004345,-0.000495,-0.000134,0.139766,-0.001739,-0.000871,-0.000044,0.999998
1773245350.037742,-0.000348,-0.000068,0.139455,-0.001765,-0.000898,-0.000047,0.999998
1773245350.072553,-0.000305,-0.000012,0.139276,-0.001784,-0.000883,-0.000045,0.999998
1773245350.104348,-0.000449,-0.000040,0.139344,-0.001437,-0.000884,-0.000068,0.999999
1773245350.137707,-0.000472,-0.000120,0.139415,-0.000999,-0.000873,-0.000095,0.999999
1773245350.171949,-0.000253,-0.000123,0.139474,-0.001689,-0.000842,-0.000043,0.999998
1773245350.204318,-0.000374,-0.000166,0.139460,-0.001645,-0.000855,-0.000048,0.999998
1773245350.237687,-0.000430,-0.000153,0.139414,-0.001657,-0.000828,-0.000041,0.999998
1773245350.272743,-0.000395,-0.000099,0.139314,-0.001708,-0.000869,-0.000046,0.999998
1773245350.304297,-0.000344,-0.000059,0.139322,-0.001384,-0.000870,-0.000070,0.999999
1773245350.337642,-0.000406,-0.000194,0.139522,-0.001695,-0.000857,-0.000043,0.999998
1773245350.372111,-0.000496,-0.000064,0.139284,-0.001708,-0.000825,-0.000036,0.999998
1773245350.404334,-0.000293,-0.000076,0.139513,-0.001509,-0.000884,-0.000062,0.999998
1773245350.437734,-0.000320,-0.000200,0.139391,-0.002014,-0.000940,-0.000039,0.999998
1773245350.477614,-0.000373,-0.000012,0.139272,-0.002238,-0.000891,-0.000014,0.999997
1773245350.504419,-0.000401,-0.000010,0.139330,-0.002099,-0.000889,-0.000024,0.999997
1773245350.537663,-0.000295,-0.000065,0.139328,-0.001556,-0.000903,-0.000063,0.999998
1773245350.572584,-0.000415,-0.000290,0.139217,-0.001740,-0.000900,-0.000050,0.999998
1773245350.604364,-0.000291,-0.000108,0.139366,-0.002194,-0.000872,-0.000014,0.999997
1773245350.637706,-0.000291,-0.000108,0.139366,-0.002194,-0.000872,-0.000014,0.999997
1773245350.672534,-0.000359,0.000010,0.139167,-0.002098,-0.000872,-0.000022,0.999997
1773245350.704274,-0.000288,-0.000059,0.139040,-0.002294,-0.000881,-0.000010,0.999997
1773245350.737684,-0.000418,-0.000087,0.139069,-0.000986,-0.000894,-0.000103,0.999999
1773245350.772187,-0.000412,-0.000129,0.139454,-0.001532,-0.000892,-0.000066,0.999998
1773245350.804226,-0.000406,-0.000149,0.139369,-0.001902,-0.000882,-0.000038,0.999998
1773245350.837683,-0.000448,-0.000131,0.139270,-0.001922,-0.000917,-0.000044,0.999998
1773245350.872448,-0.000312,-0.000049,0.139397,-0.001455,-0.000900,-0.000071,0.999999
1773245350.907472,-0.000301,-0.000069,0.139398,-0.001279,-0.000891,-0.000081,0.999999
1773245350.937834,-0.000446,-0.000201,0.139361,-0.000844,-0.000862,-0.000106,0.999999
1773245350.973319,-0.000397,-0.000151,0.139427,-0.001180,-0.000865,-0.000083,0.999999
1773245351.004277,-0.000274,-0.000052,0.139327,-0.001385,-0.000864,-0.000070,0.999999
1773245351.037620,-0.000408,-0.000232,0.139373,-0.001994,-0.000870,-0.000030,0.999998
1773245351.073730,-0.000354,-0.000048,0.139538,-0.001746,-0.000829,-0.000038,0.999998
1773245351.104594,-0.000311,-0.000000,0.139186,-0.001607,-0.000876,-0.000056,0.999998
1773245351.137832,-0.000342,-0.000293,0.139397,-0.001556,-0.000902,-0.000065,0.999998
1773245351.171826,-0.000437,-0.000019,0.139289,-0.001688,-0.000887,-0.000053,0.999998
1773245351.204292,-0.000442,-0.000063,0.139476,-0.001468,-0.000888,-0.000069,0.999999
1773245351.238615,-0.000224,-0.000164,0.139561,-0.001752,-0.000964,-0.000063,0.999998
1773245351.272197,-0.000532,-0.000171,0.139517,-0.001782,-0.000978,-0.000061,0.999998
1773245351.304603,-0.000239,0.000035,0.139366,-0.001550,-0.000909,-0.000065,0.999998
1773245351.337596,-0.000315,-0.000085,0.139092,-0.001271,-0.000916,-0.000085,0.999999
1773245351.372557,-0.000328,-0.000163,0.139247,-0.000909,-0.000889,-0.000102,0.999999
1773245351.404285,-0.000459,-0.000105,0.139446,-0.000965,-0.000877,-0.000097,0.999999
1773245351.437755,-0.000324,-0.000081,0.139527,-0.000742,-0.000850,-0.000110,0.999999
1773245351.471811,-0.000283,-0.000043,0.139293,-0.000439,-0.000832,-0.000127,1.000000
1773245351.504522,-0.000423,-0.000196,0.139307,-0.000832,-0.000851,-0.000103,0.999999
1773245351.538126,-0.000344,-0.000129,0.139402,-0.001153,-0.000841,-0.000078,0.999999
1773245351.572070,-0.000305,-0.000085,0.139146,-0.000841,-0.000873,-0.000106,0.999999
1773245351.604502,-0.000385,-0.000191,0.139027,-0.000698,-0.000846,-0.000111,0.999999
1773245351.638837,-0.000411,-0.000133,0.138976,-0.000419,-0.000899,-0.000140,0.999999
1773245351.675466,-0.000461,-0.000204,0.139227,-0.000498,-0.000896,-0.000134,0.999999
1773245351.704262,-0.000349,-0.000053,0.139332,-0.000892,-0.000889,-0.000107,0.999999
1773245351.737604,-0.000352,-0.000250,0.139485,-0.000754,-0.000865,-0.000112,0.999999
1773245351.774501,-0.000396,-0.000130,0.139175,-0.000843,-0.000882,-0.000108,0.999999
1773245351.804281,-0.000236,-0.000194,0.139295,-0.000590,-0.000859,-0.000123,0.999999
1773245351.837723,-0.000380,-0.000160,0.139261,-0.000521,-0.000825,-0.000121,1.000000
1773245351.871824,-0.000289,-0.000122,0.139361,-0.001114,-0.000795,-0.000073,0.999999
1773245351.904359,-0.000334,-0.000135,0.139309,-0.000567,-0.000840,-0.000119,0.999999
1773245351.938973,-0.000334,-0.000135,0.139309,-0.000567,-0.000840,-0.000119,0.999999
1773245351.971814,-0.000383,-0.000203,0.139332,0.000160,-0.000744,-0.000151,1.000000
1773245352.005726,-0.000325,-0.000172,0.139369,0.000661,-0.000776,-0.000191,0.999999
1773245352.038743,-0.000374,-0.000112,0.139315,0.000534,-0.000777,-0.000183,1.000000
1773245352.075316,-0.000384,-0.000239,0.139401,0.000384,-0.000800,-0.000177,1.000000
1773245352.104295,-0.000299,-0.000142,0.139429,0.000640,-0.000769,-0.000187,0.999999
1773245352.137655,-0.000326,-0.000264,0.139299,0.001231,-0.000756,-0.000224,0.999999
1773245352.172247,-0.000418,-0.000121,0.139394,0.001658,-0.000795,-0.000260,0.999998
1773245352.204501,-0.000333,-0.000146,0.139455,0.001258,-0.000788,-0.000233,0.999999
1773245352.237717,-0.000344,-0.000115,0.139058,0.001725,-0.000742,-0.000255,0.999998
1773245352.272309,-0.000316,-0.000210,0.139133,0.001402,-0.000759,-0.000236,0.999999
1773245352.304343,-0.000452,-0.000252,0.139203,0.001788,-0.000769,-0.000265,0.999998
1773245352.338136,-0.000308,-0.000234,0.139272,0.001110,-0.000774,-0.000220,0.999999
1773245352.371770,-0.000377,-0.000279,0.139422,0.000589,-0.000748,-0.000180,1.000000
1773245352.404308,-0.000391,-0.000172,0.139482,-0.000148,-0.000789,-0.000138,1.000000
1773245352.437680,-0.000394,-0.000062,0.139234,-0.000194,-0.000841,-0.000145,1.000000
1773245352.472573,-0.000282,-0.000014,0.139361,-0.000557,-0.000828,-0.000118,0.999999
1773245352.506114,-0.000340,-0.000161,0.139297,0.000497,-0.000778,-0.000181,1.000000
1773245352.539877,-0.000394,-0.000099,0.139106,0.000293,-0.000810,-0.000174,1.000000
1773245352.593051,-0.000418,-0.000169,0.139132,0.000516,-0.000834,-0.000192,1.000000
1773245352.611330,-0.000391,-0.000147,0.139485,0.000298,-0.000835,-0.000177,1.000000
1773245352.639892,-0.000391,-0.000147,0.139485,0.000298,-0.000835,-0.000177,1.000000
1773245352.683289,-0.000391,-0.000147,0.139485,0.000298,-0.000835,-0.000177,1.000000
1773245352.704357,-0.000366,-0.000218,0.139516,0.000237,-0.000864,-0.000178,1.000000
1773245352.737645,-0.000380,-0.000139,0.139240,0.000226,-0.000798,-0.000165,1.000000
1773245352.772480,-0.000366,-0.000067,0.139409,-0.000074,-0.000767,-0.000139,1.000000
1773245352.804241,-0.000200,-0.000034,0.139402,0.000885,-0.000731,-0.000199,0.999999
1773245352.838606,-0.000320,-0.000193,0.139274,0.000657,-0.000782,-0.000196,0.999999
1773245352.873647,-0.000320,-0.000193,0.139274,0.000657,-0.000782,-0.000196,0.999999
1773245352.905086,-0.000489,-0.000244,0.139248,0.000239,-0.000749,-0.000161,1.000000
1773245352.942065,-0.000294,-0.000104,0.139293,0.000443,-0.000735,-0.000173,1.000000
1773245352.976124,-0.000341,-0.000105,0.139134,0.000576,-0.000761,-0.000187,1.000000
1773245353.004754,-0.000322,-0.000165,0.139241,0.000124,-0.000793,-0.000163,1.000000
1773245353.037698,-0.000322,-0.000165,0.139241,0.000124,-0.000793,-0.000163,1.000000
1773245353.088451,-0.000295,-0.000150,0.139269,0.000114,-0.000815,-0.000164,1.000000
1773245353.104504,-0.000476,-0.000162,0.139400,0.000034,-0.000864,-0.000168,1.000000
1773245353.138069,-0.000323,-0.000084,0.139418,0.000159,-0.000810,-0.000166,1.000000
1773245353.171845,-0.000266,-0.000044,0.139245,-0.000079,-0.000807,-0.000149,1.000000
1773245353.204358,-0.000449,-0.000303,0.139276,0.000040,-0.000785,-0.000152,1.000000
1773245353.237677,-0.000412,-0.000126,0.139333,-0.000329,-0.000824,-0.000134,1.000000
1773245353.283151,-0.000218,0.000059,0.139501,-0.000735,-0.000850,-0.000112,0.999999
1773245353.304232,-0.000320,-0.000231,0.139219,-0.000498,-0.000843,-0.000128,1.000000
1773245353.339811,-0.000398,-0.000131,0.139234,-0.001049,-0.000870,-0.000096,0.999999
1773245353.372021,-0.000348,-0.000102,0.139336,-0.000685,-0.000866,-0.000120,0.999999
1773245353.404247,-0.000427,0.000017,0.139240,-0.001024,-0.000866,-0.000096,0.999999
1773245353.437713,-0.000301,-0.000117,0.139307,-0.000968,-0.000818,-0.000088,0.999999
1773245353.475116,-0.000461,-0.000313,0.139274,-0.000826,-0.000789,-0.000094,0.999999
1773245353.516695,-0.000158,-0.000014,0.139385,-0.000979,-0.000840,-0.000092,0.999999
1773245353.537815,-0.000376,-0.000059,0.139390,-0.001162,-0.000815,-0.000076,0.999999
1773245353.572843,-0.000413,-0.000191,0.139271,-0.000820,-0.000834,-0.000102,0.999999
1773245353.604143,-0.000329,-0.000047,0.139506,-0.000526,-0.000821,-0.000119,1.000000
1773245353.637671,-0.000329,-0.000047,0.139506,-0.000526,-0.000821,-0.000119,1.000000
1773245353.672551,-0.000468,-0.000179,0.139396,-0.000292,-0.000835,-0.000138,1.000000
1773245353.704286,-0.000433,-0.000156,0.139189,-0.000292,-0.000765,-0.000124,1.000000
1773245353.738154,-0.000252,-0.000020,0.139357,-0.000187,-0.000812,-0.000140,1.000000
1773245353.771953,-0.000359,-0.000182,0.139390,-0.000354,-0.000833,-0.000133,1.000000
1773245353.805713,-0.000359,-0.000047,0.139338,-0.000522,-0.000828,-0.000121,1.000000
1773245353.838696,-0.000282,-0.000069,0.139346,-0.000450,-0.000809,-0.000124,1.000000
1773245353.872176,-0.000335,-0.000200,0.139346,-0.000428,-0.000800,-0.000125,1.000000
1773245353.904269,-0.000403,-0.000153,0.139312,-0.000674,-0.000847,-0.000118,0.999999
1773245353.938357,-0.000403,-0.000153,0.139312,-0.000674,-0.000847,-0.000118,0.999999
1773245353.974881,-0.000355,-0.000024,0.139338,-0.001060,-0.000833,-0.000089,0.999999
1773245354.004325,-0.000438,-0.000168,0.139118,-0.001313,-0.000857,-0.000079,0.999999
1773245354.037677,-0.000398,-0.000020,0.139176,-0.001336,-0.000846,-0.000072,0.999999
1773245354.071727,-0.000297,-0.000108,0.139075,-0.001473,-0.000850,-0.000064,0.999999
1773245354.106060,-0.000355,-0.000118,0.139066,-0.001155,-0.000797,-0.000074,0.999999
1773245354.139355,-0.000356,-0.000121,0.139118,-0.001304,-0.000779,-0.000060,0.999999
1773245354.171947,-0.000366,-0.000142,0.139009,-0.001284,-0.000800,-0.000067,0.999999
1773245354.204286,-0.000401,-0.000098,0.139123,-0.001759,-0.000805,-0.000034,0.999998
1773245354.237627,-0.000249,-0.000222,0.139304,-0.001907,-0.000750,-0.000012,0.999998
1773245354.272417,-0.000348,-0.000163,0.139144,-0.001315,-0.000774,-0.000057,0.999999
1773245354.308827,-0.000287,-0.000045,0.139382,-0.001316,-0.000780,-0.000060,0.999999
1773245354.339110,-0.000314,-0.000192,0.139320,-0.001040,-0.000733,-0.000070,0.999999
1773245354.374636,-0.000386,-0.000144,0.139136,-0.000878,-0.000717,-0.000079,0.999999
1773245354.404249,-0.000357,-0.000115,0.139317,-0.000416,-0.000761,-0.000118,1.000000
1773245354.438483,-0.000365,-0.000117,0.139502,-0.000692,-0.000788,-0.000103,0.999999
1773245354.472561,-0.000382,-0.000099,0.139232,-0.000872,-0.000780,-0.000088,0.999999
1773245354.504320,-0.000338,-0.000127,0.139010,-0.000875,-0.000779,-0.000086,0.999999
1773245354.540529,-0.000379,-0.000182,0.139291,-0.001066,-0.000822,-0.000083,0.999999
1773245354.572528,-0.000382,-0.000126,0.139188,-0.001855,-0.000819,-0.000031,0.999998
1773245354.604313,-0.000260,-0.000064,0.139348,-0.001830,-0.000806,-0.000028,0.999998
1773245354.677129,-0.000279,-0.000062,0.139382,-0.001849,-0.000800,-0.000026,0.999998
1773245354.709400,-0.000403,-0.000182,0.139382,-0.001580,-0.000816,-0.000048,0.999998
1773245354.737665,-0.000278,-0.000081,0.139356,-0.002086,-0.000758,-0.000002,0.999998
1773245354.771799,-0.000373,-0.000125,0.139252,-0.001678,-0.000803,-0.000037,0.999998
1773245354.806487,-0.000291,-0.000186,0.139300,-0.001746,-0.000823,-0.000037,0.999998
1773245354.837732,-0.000300,-0.000075,0.139271,-0.002128,-0.000761,0.000001,0.999997
1773245354.873695,-0.000428,-0.000114,0.139131,-0.001769,-0.000804,-0.000033,0.999998
1773245354.904357,-0.000350,-0.000146,0.139360,-0.001303,-0.000739,-0.000050,0.999999
1773245354.938121,-0.000298,-0.000053,0.139276,-0.001279,-0.000768,-0.000059,0.999999
1773245354.972650,-0.000327,-0.000234,0.139206,-0.001037,-0.000729,-0.000069,0.999999
1773245355.004825,-0.000339,-0.000275,0.139103,-0.000321,-0.000702,-0.000111,1.000000
1773245355.037870,-0.000226,-0.000096,0.139322,0.000078,-0.000732,-0.000145,1.000000
1773245355.072904,-0.000303,-0.000193,0.139277,0.000452,-0.000673,-0.000158,1.000000
1773245355.105090,-0.000312,-0.000066,0.139214,0.000967,-0.000698,-0.000198,0.999999
1773245355.137751,-0.000321,-0.000046,0.139406,0.001262,-0.000703,-0.000219,0.999999
1773245355.172207,-0.000452,-0.000312,0.139321,0.001372,-0.000756,-0.000239,0.999999
1773245355.204669,-0.000437,-0.000150,0.139305,0.001019,-0.000780,-0.000219,0.999999
1773245355.237665,-0.000308,-0.000099,0.139078,0.000999,-0.000759,-0.000214,0.999999
1773245355.272638,-0.000322,-0.000336,0.139404,0.000916,-0.000825,-0.000220,0.999999
1773245355.304621,-0.000339,-0.000167,0.139475,0.000853,-0.000864,-0.000225,0.999999
1773245355.339242,-0.000330,-0.000016,0.139268,0.000653,-0.000872,-0.000213,0.999999
1773245355.371846,-0.000342,-0.000158,0.139060,0.000808,-0.000918,-0.000235,0.999999
1773245355.404312,-0.000397,-0.000239,0.139100,0.001155,-0.000898,-0.000255,0.999999
1773245355.446198,-0.000355,-0.000092,0.139319,0.000900,-0.000875,-0.000232,0.999999
1773245355.478169,-0.000337,-0.000070,0.139170,0.001023,-0.000863,-0.000239,0.999999
1773245355.504281,-0.000475,-0.000200,0.139067,0.001344,-0.000933,-0.000274,0.999999
1773245355.543824,-0.000393,-0.000157,0.139274,0.000607,-0.000924,-0.000222,0.999999
1773245355.574680,-0.000338,-0.000201,0.139070,0.001273,-0.000929,-0.000266,0.999999
1773245355.604275,-0.000464,-0.000174,0.139262,0.000796,-0.000959,-0.000240,0.999999
1773245355.637748,-0.000331,-0.000177,0.139379,0.001156,-0.000989,-0.000270,0.999999
1773245355.671951,-0.000393,-0.000166,0.139243,0.001289,-0.000975,-0.000276,0.999999
1773245355.704431,-0.000387,-0.000232,0.139292,0.000970,-0.000988,-0.000256,0.999999
1773245355.737897,-0.000391,-0.000170,0.139253,0.001346,-0.001002,-0.000284,0.999999
1773245355.771805,-0.000305,-0.000172,0.139291,0.001856,-0.000987,-0.000315,0.999998
1773245355.804268,-0.000316,-0.000133,0.139304,0.001607,-0.000966,-0.000295,0.999998
1773245355.837942,-0.000370,-0.000153,0.139355,0.002025,-0.000985,-0.000327,0.999997
1773245355.872108,-0.000273,-0.000169,0.139213,0.002003,-0.000954,-0.000320,0.999997
1773245355.904294,-0.000490,-0.000342,0.139286,0.002126,-0.000992,-0.000336,0.999997
1773245355.937690,-0.000399,-0.000130,0.139256,0.002021,-0.000960,-0.000322,0.999997
1773245355.972484,-0.000304,-0.000128,0.139359,0.002543,-0.000982,-0.000362,0.999996
1773245356.004332,-0.000483,-0.000194,0.139272,0.002499,-0.000977,-0.000359,0.999996
1773245356.037736,-0.000403,-0.000263,0.139514,0.001916,-0.000992,-0.000321,0.999998
1773245356.072290,-0.000427,-0.000197,0.139368,0.002631,-0.000970,-0.000367,0.999996
1773245356.104301,-0.000338,-0.000146,0.139194,0.002195,-0.000993,-0.000340,0.999997
1773245356.137672,-0.000505,-0.000209,0.139249,0.002314,-0.000954,-0.000341,0.999997
1773245356.173097,-0.000505,-0.000209,0.139249,0.002314,-0.000954,-0.000341,0.999997
1773245356.206443,-0.000388,-0.000203,0.139129,0.002386,-0.001029,-0.000363,0.999997
1773245356.253720,-0.000362,-0.000169,0.139324,0.002155,-0.001012,-0.000344,0.999997
1773245356.272096,-0.000355,-0.000125,0.139147,0.001978,-0.000986,-0.000326,0.999998
1773245356.304387,-0.000403,-0.000134,0.139376,0.002031,-0.001031,-0.000339,0.999997
1773245356.337858,-0.000310,-0.000074,0.139572,0.001689,-0.001043,-0.000319,0.999998
1773245356.372572,-0.000444,-0.000162,0.139288,0.001433,-0.001051,-0.000304,0.999998
1773245356.411864,-0.000361,-0.000177,0.139165,0.001404,-0.001011,-0.000293,0.999998
1773245356.440109,-0.000406,-0.000233,0.139180,0.001617,-0.001029,-0.000310,0.999998
1773245356.472410,-0.000395,-0.000108,0.139245,0.001660,-0.001029,-0.000311,0.999998
1773245356.504725,-0.000319,-0.000061,0.139343,0.001533,-0.001047,-0.000307,0.999998
1773245356.537802,-0.000339,-0.000286,0.139243,0.001557,-0.001046,-0.000309,0.999998
1773245356.572520,-0.000448,-0.000151,0.139386,0.001968,-0.001031,-0.000333,0.999997
1773245356.604253,-0.000445,-0.000078,0.139229,0.001603,-0.001023,-0.000309,0.999998
1773245356.637714,-0.000377,-0.000198,0.139121,0.001561,-0.001010,-0.000303,0.999998
1773245356.672283,-0.000444,-0.000270,0.139251,0.001941,-0.001007,-0.000327,0.999998
1773245356.704351,-0.000352,-0.000059,0.139082,0.002297,-0.001081,-0.000366,0.999997
1773245356.745996,-0.000280,-0.000110,0.139139,0.001798,-0.001090,-0.000336,0.999998
1773245356.783831,-0.000454,-0.000193,0.139065,0.001505,-0.001087,-0.000314,0.999998
1773245356.811480,-0.000421,-0.000102,0.139150,0.001390,-0.001103,-0.000308,0.999998
1773245356.842407,-0.000311,-0.000096,0.139316,0.001752,-0.001084,-0.000331,0.999998
1773245356.875111,-0.000311,-0.000096,0.139316,0.001752,-0.001084,-0.000331,0.999998
1773245356.906938,-0.000333,-0.000161,0.139368,0.001622,-0.001135,-0.000333,0.999998
1773245356.937694,-0.000357,-0.000158,0.139152,0.001347,-0.001164,-0.000320,0.999998
1773245356.972018,-0.000430,-0.000139,0.139128,0.001709,-0.001165,-0.000343,0.999998
1773245357.004059,-0.000496,-0.000229,0.139126,0.001056,-0.001138,-0.000292,0.999999
1773245357.037674,-0.000392,-0.000048,0.139265,0.000925,-0.001154,-0.000286,0.999999
1773245357.071848,-0.000303,-0.000123,0.139256,0.001188,-0.001091,-0.000293,0.999999
1773245357.104251,-0.000460,-0.000374,0.139190,0.001603,-0.001127,-0.000329,0.999998
1773245357.137680,-0.000460,-0.000374,0.139190,0.001603,-0.001127,-0.000329,0.999998
1773245357.171677,-0.000429,-0.000205,0.139348,0.001212,-0.001099,-0.000297,0.999999
1773245357.204265,-0.000379,-0.000163,0.139167,0.001453,-0.001045,-0.000305,0.999998
1773245357.237708,-0.000439,-0.000064,0.139389,0.001383,-0.001057,-0.000302,0.999998
1773245357.272332,-0.000306,-0.000129,0.139204,0.001485,-0.001072,-0.000311,0.999998
1773245357.305149,-0.000395,-0.000235,0.139188,0.001170,-0.001108,-0.000298,0.999999
1773245357.338095,-0.000446,-0.000073,0.139344,0.001561,-0.001104,-0.000321,0.999998
1773245357.392960,-0.000474,-0.000211,0.139254,0.001946,-0.001122,-0.000350,0.999997
1773245357.404530,-0.000386,-0.000120,0.139380,0.001423,-0.001139,-0.000318,0.999998
1773245357.438086,-0.000331,-0.000274,0.139299,0.001296,-0.001076,-0.000297,0.999999
1773245357.479683,-0.000466,-0.000129,0.139244,0.001182,-0.001043,-0.000282,0.999999
1773245357.504242,-0.000431,-0.000212,0.139171,0.001902,-0.001060,-0.000335,0.999998
1773245357.550485,-0.000405,-0.000250,0.139161,0.002238,-0.001047,-0.000356,0.999997
1773245357.572159,-0.000386,-0.000134,0.139305,0.001854,-0.001021,-0.000324,0.999998
1773245357.604512,-0.000363,-0.000088,0.139128,0.002289,-0.001018,-0.000352,0.999997
1773245357.638019,-0.000363,-0.000088,0.139128,0.002289,-0.001018,-0.000352,0.999997
1773245357.671860,-0.000443,-0.000105,0.139404,0.002177,-0.001031,-0.000348,0.999997
1773245357.704283,-0.000388,-0.000251,0.139431,0.002373,-0.000999,-0.000357,0.999997
1773245357.738090,-0.000262,-0.000105,0.139264,0.001793,-0.001046,-0.000327,0.999998
1773245357.772295,-0.000416,-0.000241,0.139209,0.001624,-0.001088,-0.000325,0.999998
1773245357.804225,-0.000410,-0.000190,0.139281,0.001184,-0.001086,-0.000293,0.999999
1773245357.837694,-0.000420,-0.000137,0.139242,0.000642,-0.001093,-0.000258,0.999999
1773245357.874485,-0.000417,-0.000040,0.139125,0.001263,-0.001079,-0.000296,0.999999
1773245357.904241,-0.000452,-0.000307,0.139146,0.001067,-0.001115,-0.000291,0.999999
1773245357.938112,-0.000341,-0.000039,0.139181,0.000928,-0.001054,-0.000269,0.999999
1773245357.971736,-0.000430,-0.000191,0.139106,0.000858,-0.001048,-0.000263,0.999999
1773245358.004259,-0.000367,-0.000187,0.139265,0.001474,-0.001032,-0.000303,0.999998
1773245358.037955,-0.000369,-0.000141,0.139379,0.002147,-0.000996,-0.000340,0.999997
1773245358.077577,-0.000357,-0.000109,0.139181,0.001701,-0.001009,-0.000311,0.999998
1773245358.105113,-0.000404,-0.000240,0.139082,0.001440,-0.000965,-0.000285,0.999998
1773245358.137875,-0.000445,-0.000129,0.139286,0.001994,-0.000974,-0.000325,0.999997
1773245358.172083,-0.000363,-0.000246,0.139098,0.001821,-0.001007,-0.000321,0.999998
1773245358.224437,-0.000410,-0.000108,0.139164,0.002157,-0.001017,-0.000346,0.999997
1773245358.239928,-0.000399,-0.000138,0.139398,0.002005,-0.000977,-0.000329,0.999997
1773245358.288718,-0.000407,-0.000270,0.139421,0.002814,-0.000996,-0.000388,0.999995
1773245358.304257,-0.000161,-0.000090,0.139334,0.002911,-0.001017,-0.000400,0.999995
1773245358.339076,-0.000415,-0.000139,0.139317,0.002482,-0.000963,-0.000359,0.999996
1773245358.373175,-0.000408,-0.000299,0.139297,0.002577,-0.000949,-0.000363,0.999996
1773245358.404312,-0.000290,-0.000067,0.139142,0.002027,-0.000947,-0.000325,0.999997
1773245358.437718,-0.000384,-0.000157,0.139231,0.002010,-0.000936,-0.000322,0.999997
1773245358.473487,-0.000444,-0.000219,0.139410,0.002172,-0.000939,-0.000333,0.999997
1773245358.508660,-0.000257,-0.000113,0.139428,0.001833,-0.000961,-0.000314,0.999998
1773245358.539764,-0.000304,-0.000244,0.138999,0.002256,-0.000946,-0.000339,0.999997
1773245358.574726,-0.000500,-0.000083,0.139127,0.001920,-0.000949,-0.000318,0.999998
1773245358.604229,-0.000431,-0.000185,0.139303,0.002247,-0.000922,-0.000333,0.999997
1773245358.638180,-0.000221,-0.000111,0.139244,0.002236,-0.000882,-0.000324,0.999997
1773245358.671647,-0.000420,-0.000300,0.139196,0.002518,-0.000903,-0.000348,0.999996
1773245358.704251,-0.000456,-0.000109,0.139303,0.002628,-0.000905,-0.000357,0.999996
1773245358.737749,-0.000253,-0.000181,0.139169,0.002411,-0.000869,-0.000335,0.999997
1773245358.773858,-0.000325,-0.000137,0.139140,0.002270,-0.000888,-0.000330,0.999997
1773245358.804371,-0.000409,-0.000209,0.139226,0.002355,-0.000913,-0.000340,0.999997
1773245358.847998,-0.000362,-0.000154,0.139052,0.002314,-0.000954,-0.000346,0.999997
1773245358.877983,-0.000291,-0.000211,0.139175,0.001756,-0.000899,-0.000297,0.999998
1773245358.907133,-0.000357,-0.000095,0.139369,0.001682,-0.000909,-0.000292,0.999998
1773245358.937702,-0.000400,-0.000223,0.139231,0.002016,-0.000906,-0.000316,0.999998
1773245358.972260,-0.000455,-0.000216,0.138981,0.001861,-0.000925,-0.000311,0.999998
1773245359.004248,-0.000389,-0.000173,0.139395,0.001480,-0.000918,-0.000282,0.999998
1773245359.037683,-0.000402,-0.000153,0.139286,0.001642,-0.000922,-0.000292,0.999998
1773245359.072449,-0.000240,-0.000142,0.139163,0.001504,-0.000925,-0.000284,0.999998
1773245359.104254,-0.000441,-0.000198,0.139086,0.001554,-0.000909,-0.000285,0.999998
1773245359.144801,-0.000512,-0.000275,0.139270,0.002165,-0.000853,-0.000318,0.999997
1773245359.172492,-0.000358,-0.000144,0.139404,0.002433,-0.000883,-0.000340,0.999997
1773245359.204272,-0.000225,-0.000184,0.139176,0.001844,-0.000922,-0.000308,0.999998
1773245359.243618,-0.000374,-0.000242,0.139364,0.001615,-0.000879,-0.000283,0.999998
1773245359.272338,-0.000422,-0.000143,0.139142,0.001826,-0.000877,-0.000298,0.999998
1773245359.304469,-0.000237,-0.000121,0.139119,0.002327,-0.000880,-0.000332,0.999997
1773245359.337747,-0.000500,-0.000237,0.139221,0.002138,-0.000887,-0.000319,0.999997
1773245359.371809,-0.000341,-0.000116,0.139168,0.001751,-0.000853,-0.000287,0.999998
1773245359.404294,-0.000270,-0.000147,0.139239,0.001988,-0.000864,-0.000307,0.999998
1773245359.444687,-0.000387,-0.000244,0.139232,0.002239,-0.000921,-0.000334,0.999997
1773245359.475733,-0.000410,-0.000159,0.139136,0.002121,-0.000865,-0.000315,0.999997
1773245359.504354,-0.000296,-0.000111,0.139282,0.001970,-0.000873,-0.000305,0.999998
1773245359.538954,-0.000387,-0.000298,0.139092,0.001578,-0.000869,-0.000276,0.999998
1773245359.571891,-0.000434,-0.000246,0.139250,0.001462,-0.000905,-0.000276,0.999998
1773245359.607071,-0.000186,-0.000052,0.139468,0.000969,-0.000871,-0.000235,0.999999
1773245359.637740,-0.000420,-0.000368,0.139307,0.001049,-0.000882,-0.000244,0.999999
1773245359.672920,-0.000390,-0.000196,0.139187,0.001260,-0.000895,-0.000261,0.999999
1773245359.704508,-0.000351,-0.000148,0.139342,0.001337,-0.000960,-0.000280,0.999999
1773245359.737850,-0.000260,-0.000172,0.139249,0.000964,-0.000954,-0.000252,0.999999
1773245359.772131,-0.000461,-0.000341,0.139048,0.000766,-0.000985,-0.000244,0.999999
1773245359.804491,-0.000324,-0.000085,0.139163,0.000932,-0.000975,-0.000254,0.999999
1773245359.838093,-0.000334,-0.000132,0.139266,0.000832,-0.000994,-0.000250,0.999999
1773245359.872743,-0.000458,-0.000262,0.139177,0.000585,-0.000968,-0.000228,0.999999
1773245359.904436,-0.000392,-0.000173,0.139196,0.001027,-0.000964,-0.000258,0.999999
1773245359.937679,-0.000347,-0.000106,0.139282,0.000361,-0.001031,-0.000224,0.999999
1773245359.972072,-0.000270,-0.000113,0.139261,0.000319,-0.000967,-0.000209,0.999999
1773245360.004333,-0.000409,-0.000302,0.139098,0.000060,-0.000980,-0.000194,0.999999
1773245360.038979,-0.000322,-0.000187,0.139207,0.000036,-0.000991,-0.000195,0.999999
1773245360.072801,-0.000306,-0.000129,0.139099,-0.000146,-0.000978,-0.000181,0.999999
1773245360.104225,-0.000464,-0.000202,0.139089,0.000099,-0.000960,-0.000195,1.000000
1773245360.138940,-0.000270,-0.000099,0.139096,0.000169,-0.000937,-0.000197,1.000000
1773245360.178817,-0.000415,-0.000158,0.139109,-0.000351,-0.001007,-0.000175,0.999999
1773245360.204289,-0.000456,-0.000120,0.139196,-0.000358,-0.001012,-0.000174,0.999999
1773245360.239818,-0.000435,-0.000197,0.139101,-0.000994,-0.001019,-0.000131,0.999999
1773245360.272885,-0.000239,-0.000081,0.139052,-0.001307,-0.001063,-0.000119,0.999999
1773245360.304241,-0.000494,-0.000252,0.139112,-0.000989,-0.001067,-0.000141,0.999999
1773245360.337703,-0.000281,-0.000043,0.139182,-0.001023,-0.001070,-0.000139,0.999999
1773245360.372214,-0.000291,-0.000324,0.139192,-0.000341,-0.001018,-0.000174,0.999999
1773245360.404322,-0.000483,-0.000054,0.139304,-0.000792,-0.001032,-0.000148,0.999999
1773245360.437640,-0.000409,-0.000247,0.139065,-0.000519,-0.001060,-0.000171,0.999999
1773245360.472760,-0.000336,-0.000072,0.139293,-0.000220,-0.001051,-0.000190,0.999999
1773245360.504319,-0.000406,-0.000242,0.139390,-0.000468,-0.001052,-0.000173,0.999999
1773245360.537645,-0.000402,-0.000044,0.139248,-0.000329,-0.001102,-0.000193,0.999999
1773245360.572245,-0.000376,-0.000093,0.139188,-0.000767,-0.001119,-0.000166,0.999999
1773245360.604225,-0.000262,-0.000175,0.139251,-0.000881,-0.001063,-0.000148,0.999999
1773245360.638066,-0.000423,-0.000064,0.139272,-0.000974,-0.001104,-0.000151,0.999999
1773245360.671983,-0.000214,-0.000124,0.139099,-0.000855,-0.001108,-0.000161,0.999999
1773245360.704339,-0.000446,-0.000166,0.139319,-0.001580,-0.001112,-0.000111,0.999998
1773245360.739317,-0.000430,-0.000126,0.139369,-0.000991,-0.001100,-0.000146,0.999999
1773245360.771971,-0.000343,-0.000116,0.139021,-0.000741,-0.001127,-0.000170,0.999999
1773245360.804286,-0.000410,-0.000171,0.139190,-0.000350,-0.001083,-0.000187,0.999999
1773245360.838024,-0.000469,-0.000061,0.139166,0.000032,-0.001054,-0.000206,0.999999
1773245360.875016,-0.000427,-0.000180,0.139267,-0.000470,-0.001088,-0.000179,0.999999
1773245360.904227,-0.000514,-0.000136,0.139408,-0.000657,-0.001088,-0.000166,0.999999
1773245360.938663,-0.000334,-0.000179,0.139080,-0.000947,-0.001062,-0.000141,0.999999
1773245360.972539,-0.000359,-0.000223,0.138942,-0.000623,-0.001036,-0.000159,0.999999
1773245361.005499,-0.000486,-0.000112,0.139330,-0.000310,-0.001074,-0.000187,0.999999
1773245361.037704,-0.000328,-0.000112,0.139493,-0.000685,-0.001060,-0.000159,0.999999
1773245361.072626,-0.000302,-0.000196,0.139142,-0.000273,-0.000985,-0.000173,0.999999
1773245361.104245,-0.000433,-0.000168,0.139063,0.000048,-0.001034,-0.000204,0.999999
1773245361.137746,-0.000518,-0.000049,0.139201,-0.000236,-0.000978,-0.000196,0.999999
1773245361.172370,-0.000960,-0.000970,0.138899,-0.001040,-0.001010,-0.000129,0.999999
1773245361.204107,-0.000483,-0.000221,0.138853,0.005305,-0.000829,-0.000535,0.999985
1773245361.237998,-0.000529,-0.000380,0.138896,0.004314,-0.000821,-0.000470,0.999990
1773245361.272261,-0.000129,-0.000489,0.139184,-0.002136,-0.001011,-0.000046,0.999997
1773245361.304251,-0.000342,-0.000198,0.139714,-0.002021,-0.001026,-0.000068,0.999997
1773245361.344369,-0.000392,-0.000207,0.139114,-0.000168,-0.000951,-0.000174,1.000000
1773245361.375379,-0.000170,0.000049,0.139915,-0.002165,-0.001042,-0.000059,0.999997
1773245361.404303,-0.000204,-0.000056,0.139241,-0.002211,-0.001046,-0.000042,0.999997
1773245361.438266,-0.000592,-0.000171,0.139560,-0.002269,-0.001057,-0.000043,0.999997
1773245361.472145,-0.000602,-0.000636,0.139920,-0.000286,-0.001014,-0.000183,0.999999
1773245361.504245,-0.000338,-0.000153,0.139477,0.000539,-0.000989,-0.000229,0.999999
1773245361.539029,-0.000386,-0.000061,0.139096,-0.000061,-0.001009,-0.000199,0.999999
1773245361.572521,-0.000449,-0.000095,0.138949,0.000631,-0.000969,-0.000230,0.999999
1773245361.604430,-0.000161,-0.000182,0.139223,-0.000426,-0.001041,-0.000179,0.999999
1773245361.637764,-0.000390,-0.000153,0.139002,-0.000594,-0.001047,-0.000163,0.999999
1773245361.672510,-0.000444,-0.000313,0.138630,-0.001210,-0.001035,-0.000115,0.999999
1773245361.704288,-0.000370,-0.000239,0.139210,0.000577,-0.000986,-0.000235,0.999999
1773245361.738111,-0.000408,-0.000160,0.139334,0.001025,-0.000964,-0.000260,0.999999
1773245361.777390,-0.000422,-0.000055,0.138977,0.001038,-0.000935,-0.000251,0.999999
1773245361.804304,-0.000281,-0.000288,0.139212,0.001195,-0.000969,-0.000267,0.999999
1773245361.837683,-0.000296,-0.000199,0.139513,0.000227,-0.000970,-0.000209,0.999999
1773245361.871754,-0.000371,-0.000124,0.139105,0.000900,-0.000977,-0.000260,0.999999
1773245361.904272,-0.000371,-0.000124,0.139105,0.000900,-0.000977,-0.000260,0.999999
1773245361.937661,-0.000534,-0.000242,0.139630,-0.000527,-0.001087,-0.000179,0.999999
1773245361.972405,-0.000501,-0.000024,0.139030,0.000025,-0.001113,-0.000225,0.999999
1773245362.004282,-0.000425,-0.000185,0.139367,-0.000886,-0.001119,-0.000159,0.999999
1773245362.037678,-0.000425,-0.000185,0.139367,-0.000886,-0.001119,-0.000159,0.999999
1773245362.075364,-0.000361,-0.000059,0.139001,0.001162,-0.001078,-0.000289,0.999999
1773245362.104413,-0.000332,-0.000060,0.138983,0.002047,-0.001028,-0.000344,0.999997
1773245362.137669,-0.000357,-0.000128,0.139002,-0.000070,-0.001108,-0.000211,0.999999
1773245362.172200,-0.000404,-0.000206,0.139205,0.000319,-0.001110,-0.000244,0.999999
1773245362.204741,-0.000279,-0.000193,0.139065,0.000157,-0.001150,-0.000232,0.999999
1773245362.237692,-0.000416,-0.000257,0.139133,0.000183,-0.001077,-0.000225,0.999999
1773245362.271904,-0.000458,-0.000127,0.139387,0.001249,-0.001067,-0.000291,0.999999
1773245362.304239,-0.000424,-0.000229,0.139336,0.000160,-0.001099,-0.000223,0.999999
1773245362.337662,-0.000121,-0.000137,0.139110,0.000005,-0.001067,-0.000209,0.999999
1773245362.371568,-0.000465,-0.000242,0.139313,-0.000771,-0.001079,-0.000154,0.999999
1773245362.404406,-0.000319,-0.000156,0.139045,-0.000249,-0.001034,-0.000183,0.999999
1773245362.437583,-0.000467,-0.000141,0.139036,-0.001297,-0.001031,-0.000114,0.999999
1773245362.472089,-0.000304,-0.000176,0.139018,-0.002273,-0.001010,-0.000043,0.999997
1773245362.504227,-0.000372,-0.000275,0.139726,-0.001202,-0.001013,-0.000117,0.999999
1773245362.537733,-0.000458,-0.000197,0.138935,-0.001325,-0.001067,-0.000116,0.999999
1773245362.580499,-0.000678,-0.000268,0.139260,-0.003069,-0.001110,-0.000008,0.999995
1773245362.604276,-0.000285,-0.000270,0.139358,-0.000204,-0.001022,-0.000185,0.999999
1773245362.637658,-0.000403,-0.000099,0.139367,-0.001501,-0.001058,-0.000102,0.999998
1773245362.671794,-0.000401,-0.000252,0.139095,-0.003094,-0.001036,0.000009,0.999995
1773245362.704269,-0.000556,-0.000092,0.139398,-0.001828,-0.001087,-0.000087,0.999998
1773245362.737711,-0.000480,-0.000207,0.138594,-0.001102,-0.001030,-0.000126,0.999999
1773245362.772411,-0.000307,-0.000079,0.139294,0.000001,-0.000941,-0.000180,1.000000
1773245362.804281,-0.000389,-0.000295,0.139185,0.000966,-0.001005,-0.000260,0.999999
1773245362.837732,-0.000431,-0.000044,0.140153,-0.002169,-0.001059,-0.000056,0.999997
1773245362.872297,-0.000555,-0.000163,0.139883,-0.003180,-0.001116,0.000008,0.999994
1773245362.904262,0.000024,-0.000320,0.139167,-0.003354,-0.001056,0.000029,0.999994
1773245362.937635,-0.000131,-0.000164,0.139134,-0.001033,-0.000987,-0.000117,0.999999
1773245362.972600,-0.000131,-0.000164,0.139134,-0.001033,-0.000987,-0.000117,0.999999
1773245363.004326,-0.000298,-0.000242,0.138939,-0.003174,-0.000918,0.000038,0.999995
1773245363.037691,-0.000365,-0.000001,0.139203,-0.004082,-0.000956,0.000094,0.999991
1773245363.071756,0.000073,0.000005,0.139718,-0.002610,-0.001105,-0.000031,0.999996
1773245363.105552,0.000328,0.000130,0.139337,-0.000690,-0.001286,-0.000206,0.999999
1773245363.138259,0.000085,0.000040,0.139247,-0.002473,-0.001081,-0.000047,0.999996
1773245363.172656,-0.000383,-0.000100,0.139476,-0.002077,-0.001081,-0.000067,0.999997
1773245363.204623,-0.000752,-0.000219,0.139312,-0.003285,-0.000926,0.000048,0.999994
1773245363.237647,-0.000369,-0.000230,0.139284,-0.004128,-0.001192,0.000044,0.999991
1773245363.272373,-0.000517,0.000254,0.139240,-0.004369,-0.001123,0.000075,0.999990
1773245363.304241,-0.000320,-0.000156,0.138756,-0.005488,-0.001243,0.000134,0.999984
1773245363.337625,-0.000571,-0.000093,0.138700,-0.006496,-0.001168,0.000214,0.999978
1773245363.372849,-0.000987,-0.000226,0.139592,-0.007100,-0.001018,0.000288,0.999974
1773245363.404425,-0.001585,-0.000506,0.138880,-0.007812,-0.001060,0.000330,0.999969
1773245363.453015,-0.000443,-0.000960,0.135593,-0.008870,-0.001310,0.000333,0.999960
1773245363.476445,0.000272,-0.000053,0.135816,-0.011492,-0.001169,0.000560,0.999933
1773245363.505710,-0.000028,-0.000270,0.134226,-0.019374,-0.001243,0.001097,0.999811
1773245363.538563,0.000266,0.000591,0.130583,-0.028830,-0.001522,0.001696,0.999582
1773245363.572349,0.000618,0.000789,0.133458,-0.031440,-0.001630,0.001824,0.999503
1773245363.604361,0.000736,0.002351,0.135236,-0.049395,-0.001991,0.002982,0.998773
1773245363.638053,-0.000213,0.001782,0.137326,-0.077655,-0.003979,0.004528,0.996962
1773245363.676305,-0.001333,0.001148,0.137895,-0.126421,-0.007629,0.007183,0.991921
1773245363.704252,-0.002035,0.002002,0.134965,-0.173155,-0.010269,0.009831,0.984792
1773245363.746170,-0.002035,0.002002,0.134965,-0.173155,-0.010269,0.009831,0.984792
1773245363.771720,-0.007548,0.006341,0.138028,-0.187061,-0.011363,0.010410,0.982227
1773245363.807662,-0.012469,0.007588,0.141586,-0.191317,-0.011102,0.010644,0.981408
1773245363.837763,-0.013784,0.009583,0.133847,-0.192953,-0.010290,0.010811,0.981094
1773245363.875977,-0.017342,0.011441,0.132214,-0.183231,-0.009948,0.010167,0.982967
1773245363.904249,-0.023826,0.015627,0.117813,-0.161877,-0.010075,0.008622,0.986722
1773245363.938453,-0.032625,0.018384,0.105254,-0.149062,-0.009444,0.007876,0.988751
1773245363.975624,-0.042949,0.024691,0.091971,-0.149713,-0.008454,0.008113,0.988660
1773245364.006240,-0.053006,0.030358,0.082479,-0.142766,-0.006554,0.008013,0.989702
1773245364.037995,-0.065231,0.037602,0.068005,-0.135129,-0.004005,0.007945,0.990788
1773245364.075209,-0.069377,0.042859,0.071215,-0.129657,-0.002593,0.007827,0.991525
1773245364.104252,-0.079850,0.050882,0.064774,-0.117211,-0.002244,0.007024,0.993080
1773245364.140680,-0.091004,0.061230,0.058599,-0.090984,-0.002832,0.005087,0.995835
1773245364.171769,-0.091004,0.061230,0.058599,-0.090984,-0.002832,0.005087,0.995835
1773245364.204414,-0.106257,0.077833,0.061073,-0.073602,-0.003528,0.003766,0.997274
1773245364.237767,-0.106257,0.077833,0.061073,-0.073602,-0.003528,0.003766,0.997274
1773245364.284745,-0.127163,0.100649,0.047203,-0.063098,-0.000601,0.003723,0.998000
1773245364.304715,-0.133003,0.105764,0.036683,-0.058701,0.000857,0.003705,0.998268
1773245364.337673,-0.136992,0.107386,0.029554,-0.049003,0.001981,0.003268,0.998791
1773245364.372448,-0.149868,0.118234,0.004576,-0.019131,0.003333,0.001460,0.999810
1773245364.404603,-0.152505,0.121721,-0.011490,-0.029151,0.003402,0.002180,0.999567
1773245364.437650,-0.159612,0.128192,-0.032484,-0.019958,0.003700,0.001598,0.999793
1773245364.472265,-0.167370,0.134165,-0.054857,-0.009327,0.002945,0.000730,0.999952
1773245364.504313,-0.179449,0.143508,-0.079396,-0.012585,0.001866,0.000742,0.999919
1773245364.537597,-0.191477,0.150224,-0.094819,0.001495,0.002925,-0.000005,0.999995
1773245364.572237,-0.201584,0.154884,-0.118031,-0.006690,0.005016,0.001014,0.999965
1773245364.607135,-0.207883,0.156020,-0.146315,-0.009590,0.008079,0.001828,0.999920
1773245364.637771,-0.215166,0.155303,-0.170620,0.006157,0.011254,0.001396,0.999917
1773245364.672184,-0.212676,0.154880,-0.161088,0.020748,0.012901,0.000729,0.999701
1773245364.704309,-0.216914,0.157511,-0.182742,0.064071,0.013558,-0.002121,0.997851
1773245364.738029,-0.220494,0.160376,-0.204519,0.093117,0.012817,-0.004248,0.995564
1773245364.771670,-0.235745,0.169009,-0.221520,0.103136,0.011992,-0.005071,0.994582
1773245364.806226,-0.237550,0.168451,-0.243369,0.105709,0.011382,-0.005345,0.994318
1773245364.842419,-0.246999,0.171278,-0.260089,0.115839,0.010532,-0.006192,0.993193
1773245364.882938,-0.246999,0.171278,-0.260089,0.115839,0.010532,-0.006192,0.993193
1773245364.904758,-0.255571,0.169392,-0.290308,0.096212,0.011556,-0.004619,0.995283
1773245364.943685,-0.276071,0.192438,-0.306245,0.059664,0.013484,-0.001696,0.998126
1773245364.976078,-0.284889,0.200561,-0.312678,0.039031,0.013993,-0.000167,0.999140
1773245365.004545,-0.286878,0.202320,-0.323199,0.036758,0.014720,0.000155,0.999216
1773245365.039131,-0.281868,0.204881,-0.297963,0.040694,0.016138,0.000196,0.999041
1773245365.072414,-0.280630,0.210652,-0.305030,0.055071,0.016075,-0.000776,0.998353
1773245365.104360,-0.281990,0.215562,-0.308721,0.052370,0.015721,-0.000607,0.998504
1773245365.137655,-0.277365,0.218041,-0.300722,0.047152,0.015148,-0.000294,0.998773
1773245365.172048,-0.274684,0.219770,-0.309011,0.046190,0.014710,-0.000260,0.998824
1773245365.204491,-0.274841,0.223319,-0.313374,0.038015,0.015438,0.000472,0.999158
1773245365.237690,-0.276471,0.224207,-0.316251,0.015637,0.016208,0.002157,0.999744
1773245365.272452,-0.276471,0.224207,-0.316251,0.015637,0.016208,0.002157,0.999744
1773245365.304327,-0.245888,0.189288,-0.234466,-0.009496,0.016886,0.004024,0.999804
1773245365.337706,-0.245665,0.189018,-0.235363,-0.009993,0.016895,0.004063,0.999799
1773245365.371763,-0.235946,0.181657,-0.215040,-0.003496,0.016160,0.003490,0.999857
1773245365.404432,-0.229319,0.174202,-0.185954,-0.055960,0.011754,0.006306,0.998344
1773245365.437692,-0.229514,0.175634,-0.173726,-0.053527,0.011721,0.006195,0.998478
1773245365.472411,-0.228299,0.172819,-0.162342,-0.057625,0.011849,0.006538,0.998247
1773245365.504814,-0.222864,0.169316,-0.143792,-0.042883,0.011886,0.005588,0.998994
1773245365.537755,-0.219733,0.171130,-0.135755,-0.018666,0.012618,0.004113,0.999738
1773245365.573611,-0.219733,0.171130,-0.135755,-0.018666,0.012618,0.004113,0.999738
1773245365.612139,-0.214864,0.174013,-0.118735,0.009863,0.012567,0.002197,0.999870
1773245365.637953,-0.211299,0.173711,-0.110317,0.032901,0.010212,0.000170,0.999406
1773245365.671763,-0.205499,0.178072,-0.086920,0.022421,0.007337,0.000366,0.999722
1773245365.704282,-0.198825,0.171997,-0.078933,0.029206,0.008596,0.000182,0.999536
1773245365.738204,-0.193734,0.168748,-0.064248,0.033393,0.009783,0.000140,0.999394
1773245365.773156,-0.187829,0.166380,-0.050085,0.043537,0.010186,-0.000506,0.999000
1773245365.804223,-0.182338,0.163819,-0.038265,0.055026,0.009183,-0.001495,0.998442
1773245365.837663,-0.177759,0.159347,-0.025179,0.045382,0.006817,-0.001304,0.998946
1773245365.875709,-0.172942,0.158008,-0.011578,0.035215,0.004052,-0.001125,0.999371
1773245365.904226,-0.168172,0.155501,0.000782,0.026288,0.002261,-0.000837,0.999652
1773245365.937840,-0.162360,0.153409,0.018027,0.005438,0.002593,0.000659,0.999982
1773245365.972497,-0.157579,0.152614,0.031483,-0.001062,0.004243,0.001406,0.999989
1773245366.004313,-0.152300,0.149836,0.044667,-0.010592,0.004251,0.002028,0.999933
1773245366.037744,-0.146717,0.147011,0.057007,-0.008978,0.002940,0.001668,0.999954
1773245366.075738,-0.142348,0.142139,0.070541,-0.013475,0.000134,0.001468,0.999908
1773245366.118815,-0.137810,0.139744,0.085671,-0.023606,-0.001562,0.001864,0.999718
1773245366.155823,-0.137810,0.139744,0.085671,-0.023606,-0.001562,0.001864,0.999718
1773245366.190064,-0.137810,0.139744,0.085671,-0.023606,-0.001562,0.001864,0.999718
1773245366.262794,-0.126618,0.130260,0.128705,-0.046334,0.000060,0.003780,0.998919
1773245366.280436,-0.126618,0.130260,0.128705,-0.046334,0.000060,0.003780,0.998919
1773245366.303990,-0.119306,0.124517,0.153240,-0.052936,-0.001577,0.003943,0.998589
1773245366.351087,-0.112872,0.120313,0.178449,-0.080647,0.000532,0.006302,0.996723
1773245366.377317,-0.109128,0.114600,0.196382,-0.092022,0.003507,0.007640,0.995721
1773245366.404281,-0.106656,0.111862,0.206505,-0.097278,0.003422,0.007988,0.995219
1773245366.437748,-0.101469,0.107413,0.223160,-0.093028,0.001555,0.007331,0.995635
1773245366.472366,-0.098452,0.103835,0.235846,-0.092696,0.000806,0.007175,0.995668
1773245366.505921,-0.095669,0.099689,0.247172,-0.111202,0.000027,0.008318,0.993763
1773245366.539521,-0.092440,0.096047,0.260926,-0.115671,0.001315,0.008867,0.993247
1773245366.571783,-0.089416,0.091640,0.275883,-0.130605,0.002001,0.009986,0.991382
1773245366.604589,-0.087308,0.088648,0.285032,-0.133353,0.001296,0.010048,0.991017
1773245366.640286,-0.082465,0.085892,0.300459,-0.146387,-0.000185,0.010642,0.989170
1773245366.681148,-0.078750,0.081505,0.313886,-0.170589,-0.001937,0.011972,0.985268
1773245366.705754,-0.075629,0.078780,0.326512,-0.189778,-0.002286,0.013233,0.981735
1773245366.741406,-0.073422,0.075018,0.338466,-0.205292,-0.001546,0.014420,0.978593
1773245366.781847,-0.070160,0.072184,0.351205,-0.211833,-0.000273,0.015075,0.977190
1773245366.804336,-0.067190,0.070510,0.359891,-0.218101,0.000725,0.015664,0.975800
1773245366.837664,-0.062278,0.068110,0.372106,-0.213966,0.001392,0.015453,0.976718
1773245366.871740,-0.060158,0.065022,0.380759,-0.200320,0.000835,0.014384,0.979625
1773245366.904292,-0.057357,0.062415,0.387377,-0.196764,-0.000744,0.013842,0.980353
1773245366.937621,-0.052569,0.058976,0.398942,-0.195348,-0.003406,0.013242,0.980639
1773245366.972872,-0.047688,0.055752,0.412757,-0.195008,-0.004829,0.012949,0.980704
1773245367.006011,-0.043881,0.053834,0.425242,-0.217491,-0.005441,0.014369,0.975941
1773245367.037771,-0.040685,0.051555,0.432745,-0.215419,-0.004336,0.014412,0.976406
1773245367.071583,-0.035556,0.048164,0.445762,-0.216119,-0.003183,0.014568,0.976253
1773245367.104279,-0.031788,0.044837,0.454463,-0.210445,-0.003914,0.013985,0.977498
1773245367.139043,-0.029061,0.042156,0.460894,-0.196093,-0.005080,0.012739,0.980489
1773245367.171730,-0.025884,0.041221,0.466376,-0.192376,-0.006419,0.012211,0.981224
1773245367.204423,-0.023466,0.039973,0.471782,-0.197300,-0.007553,0.012310,0.980237
1773245367.249312,-0.018415,0.038319,0.485260,-0.205431,-0.007663,0.012815,0.978558
1773245367.273098,-0.016291,0.036662,0.491071,-0.208777,-0.007302,0.013109,0.977848
1773245367.306155,-0.015275,0.036128,0.493734,-0.211766,-0.006976,0.013370,0.977204
1773245367.338148,-0.014725,0.035207,0.496507,-0.216429,-0.006300,0.013810,0.976180
1773245367.379977,-0.008785,0.034390,0.510720,-0.219518,-0.003693,0.014444,0.975494
1773245367.404387,-0.007712,0.033422,0.511513,-0.218331,-0.003343,0.014421,0.975762
1773245367.439652,0.003905,0.029619,0.523873,-0.178276,-0.004870,0.011240,0.983904
1773245367.471992,0.007170,0.025535,0.530168,-0.174073,-0.006135,0.010725,0.984655
1773245367.504792,0.010048,0.023054,0.537712,-0.193015,-0.005509,0.012213,0.981104
1773245367.537686,0.010048,0.023054,0.537712,-0.193015,-0.005509,0.012213,0.981104
1773245367.579201,0.012569,0.022141,0.541585,-0.202504,-0.004856,0.013029,0.979183
1773245367.606459,0.012569,0.022141,0.541585,-0.202504,-0.004856,0.013029,0.979183
1773245367.643034,0.022324,0.021682,0.549724,-0.187047,-0.003693,0.012199,0.982268
1773245367.672293,0.025149,0.021404,0.552195,-0.169694,-0.004143,0.010892,0.985428
1773245367.704528,0.032505,0.020281,0.558203,-0.154546,-0.006948,0.009312,0.987917
1773245367.741824,0.035030,0.019328,0.560816,-0.156475,-0.006501,0.009559,0.987614
1773245367.772947,0.036974,0.019315,0.565362,-0.156647,-0.004922,0.009901,0.987593
1773245367.804298,0.039110,0.019951,0.569863,-0.155942,-0.003570,0.010108,0.987708
1773245367.837624,0.041788,0.019376,0.569735,-0.139488,-0.003112,0.009073,0.990177
1773245367.873785,0.044304,0.018417,0.569349,-0.130816,-0.003944,0.008308,0.991364
1773245367.904221,0.046767,0.016704,0.571201,-0.118270,-0.005195,0.007226,0.992942
1773245367.937674,0.049485,0.014570,0.572161,-0.116353,-0.006753,0.006834,0.993161
1773245367.973818,0.051281,0.013963,0.573272,-0.116968,-0.007136,0.006840,0.993087
1773245368.011169,0.051281,0.013963,0.573272,-0.116968,-0.007136,0.006840,0.993087
1773245368.039472,0.055720,0.015469,0.577040,-0.128841,-0.006510,0.007872,0.991613
1773245368.074907,0.057021,0.014822,0.578507,-0.135180,-0.004855,0.008680,0.990771
1773245368.104815,0.059439,0.015066,0.580430,-0.141401,-0.002280,0.009607,0.989903
1773245368.138446,0.060086,0.013644,0.579585,-0.138501,-0.001341,0.009552,0.990315
1773245368.179165,0.062961,0.013635,0.579744,-0.128279,-0.000282,0.009045,0.991697
1773245368.215220,0.063840,0.013671,0.579615,-0.131005,-0.000146,0.009245,0.991339
1773245368.240830,0.068000,0.012017,0.579000,-0.125111,-0.001283,0.008613,0.992105
1773245368.294280,0.071179,0.012420,0.579169,-0.117021,-0.003214,0.007689,0.993094
1773245368.305983,0.072520,0.011192,0.578312,-0.108870,-0.005043,0.006794,0.994020
1773245368.338245,0.073530,0.010761,0.578050,-0.113129,-0.006420,0.006819,0.993536
1773245368.372362,0.075059,0.007997,0.577011,-0.126344,-0.007045,0.007645,0.991932
1773245368.404534,0.077238,0.008749,0.577478,-0.133999,-0.006522,0.008298,0.990925
1773245368.438349,0.079384,0.008437,0.575572,-0.138611,-0.004749,0.008937,0.990295
1773245368.473082,0.080123,0.007286,0.573946,-0.127188,-0.005230,0.008064,0.991832
1773245368.505163,0.083424,0.007787,0.573229,-0.126605,-0.006424,0.007778,0.991902
1773245368.537784,0.086667,0.006043,0.571664,-0.124763,-0.007413,0.007484,0.992131
1773245368.573343,0.087271,0.004066,0.569887,-0.134864,-0.008187,0.008063,0.990797
1773245368.604352,0.086789,0.002624,0.568350,-0.146420,-0.007703,0.008971,0.989152
1773245368.638760,0.087292,0.002512,0.567789,-0.152275,-0.006129,0.009689,0.988272
1773245368.671871,0.087227,0.004077,0.567582,-0.156122,-0.004874,0.010165,0.987673
1773245368.708216,0.087834,0.003764,0.565008,-0.150214,-0.003379,0.010017,0.988597
1773245368.737656,0.088885,0.003728,0.561800,-0.143415,-0.003959,0.009386,0.989610
1773245368.772485,0.090208,0.002618,0.559495,-0.126926,-0.005317,0.007980,0.991866
1773245368.805549,0.091733,0.002307,0.556150,-0.123786,-0.006986,0.007427,0.992257
1773245368.845529,0.093024,0.003033,0.554776,-0.130559,-0.007507,0.007813,0.991381
1773245368.874703,0.093500,0.002892,0.551587,-0.141871,-0.006626,0.008738,0.989824
1773245368.904299,0.092371,0.002489,0.547185,-0.130695,-0.004513,0.008348,0.991377
1773245368.937649,0.091344,0.003189,0.542910,-0.129333,-0.004877,0.008150,0.991556
1773245368.972381,0.091253,0.002807,0.540023,-0.123834,-0.005968,0.007553,0.992256
1773245369.004274,0.092062,0.002479,0.537282,-0.108171,-0.007265,0.006225,0.994086
1773245369.043596,0.093179,0.002992,0.536461,-0.114041,-0.008671,0.006368,0.993418
1773245369.081801,0.093351,0.002455,0.535254,-0.119604,-0.008687,0.006749,0.992761
1773245369.104317,0.091853,0.002246,0.533498,-0.132758,-0.007797,0.007815,0.991087
1773245369.140582,0.091194,0.001771,0.532241,-0.134068,-0.006337,0.008182,0.990918
1773245369.172621,0.090266,0.000844,0.529139,-0.135371,-0.004950,0.008513,0.990746
1773245369.204417,0.090551,0.002398,0.526868,-0.123666,-0.003790,0.007910,0.992285
1773245369.238059,0.090367,0.003853,0.524097,-0.124853,-0.004143,0.007870,0.992135
1773245369.271662,0.090800,0.004037,0.521480,-0.113304,-0.005553,0.006790,0.993522
1773245369.304228,0.090136,0.002763,0.519411,-0.102492,-0.006728,0.005798,0.994694
1773245369.344215,0.087729,0.001824,0.517803,-0.102183,-0.007219,0.005678,0.994723
1773245369.375758,0.087729,0.001824,0.517803,-0.102183,-0.007219,0.005678,0.994723
1773245369.413303,0.084743,0.000741,0.512707,-0.110491,-0.006034,0.006474,0.993838
1773245369.455337,0.084743,0.000741,0.512707,-0.110491,-0.006034,0.006474,0.993838
1773245369.471991,0.081844,0.001817,0.504843,-0.100824,-0.003361,0.006290,0.994879
1773245369.505165,0.080630,0.003708,0.502453,-0.090666,-0.004410,0.005376,0.995857
1773245369.537673,0.080349,0.004430,0.500230,-0.088844,-0.005193,0.005094,0.996019
1773245369.577708,0.078478,0.003905,0.497520,-0.086873,-0.005709,0.004877,0.996191
1773245369.615485,0.078478,0.003905,0.497520,-0.086873,-0.005709,0.004877,0.996191
1773245369.638185,0.070321,0.002345,0.492123,-0.102823,-0.003590,0.006449,0.994672
1773245369.679671,0.068379,0.002757,0.489715,-0.112008,-0.002300,0.007319,0.993678
1773245369.704287,0.066951,0.003986,0.487635,-0.109355,-0.001107,0.007365,0.993975
1773245369.738653,0.064543,0.004016,0.483618,-0.102020,-0.001863,0.006741,0.994758
1773245369.780546,0.062689,0.004170,0.478783,-0.101580,-0.003295,0.006458,0.994801
1773245369.804359,0.061278,0.004958,0.475182,-0.104341,-0.004756,0.006445,0.994509
1773245369.837695,0.058193,0.006798,0.471688,-0.104820,-0.004586,0.006586,0.994459
1773245369.871708,0.053811,0.007107,0.471494,-0.124724,-0.003617,0.008200,0.992151
1773245369.904322,0.048921,0.005235,0.468551,-0.123064,-0.001946,0.008388,0.992361
1773245369.940639,0.046174,0.003370,0.466008,-0.107581,-0.001775,0.007343,0.994168
1773245369.972458,0.043824,0.002388,0.462908,-0.111031,-0.003640,0.007216,0.993784
1773245370.004268,0.043179,0.002573,0.459458,-0.100606,-0.004388,0.006370,0.994896
1773245370.037787,0.039456,0.003390,0.456058,-0.105395,-0.005506,0.006513,0.994394
1773245370.074997,0.036317,0.003095,0.453986,-0.109564,-0.004933,0.006929,0.993943
1773245370.104429,0.031715,0.003669,0.451810,-0.127475,-0.003275,0.008489,0.991800
1773245370.140926,0.026890,0.004116,0.450542,-0.128226,-0.001713,0.008795,0.991704
1773245370.172203,0.024088,0.003955,0.447385,-0.115667,-0.001227,0.007992,0.993255
1773245370.204370,0.024088,0.003955,0.447385,-0.115667,-0.001227,0.007992,0.993255
1773245370.237702,0.018958,0.004630,0.440302,-0.110910,-0.003030,0.007274,0.993799
1773245370.271743,0.016416,0.004829,0.438915,-0.105506,-0.003951,0.006724,0.994388
1773245370.304274,0.012595,0.006445,0.437333,-0.117209,-0.004442,0.007435,0.993070
1773245370.337620,0.006616,0.006218,0.437185,-0.126601,-0.003755,0.008212,0.991913
1773245370.372249,0.001814,0.006468,0.436042,-0.133576,-0.002288,0.008963,0.990995
1773245370.404273,-0.001474,0.007090,0.431764,-0.138390,-0.000525,0.009599,0.990331
1773245370.437659,-0.004971,0.007679,0.428734,-0.133301,0.000951,0.009504,0.991030
1773245370.472604,-0.010105,0.008248,0.426250,-0.128600,0.000967,0.009118,0.991654
1773245370.504350,-0.012080,0.008248,0.423544,-0.124962,0.000203,0.008686,0.992123
1773245370.537768,-0.016024,0.008259,0.418405,-0.118677,-0.001169,0.007965,0.992900
1773245370.572846,-0.020960,0.008642,0.416310,-0.117492,-0.002297,0.007659,0.993042
1773245370.606735,-0.024927,0.008552,0.415120,-0.130449,-0.002537,0.008511,0.991415
1773245370.637995,-0.030887,0.008265,0.414990,-0.144942,-0.001106,0.009802,0.989391
1773245370.672240,-0.035032,0.009824,0.414534,-0.169170,0.000598,0.011770,0.985516
1773245370.711757,-0.038173,0.012584,0.415248,-0.160529,0.002488,0.011528,0.986961
1773245370.738073,-0.043443,0.013458,0.414666,-0.159229,0.002526,0.011406,0.987173
1773245370.772933,-0.047502,0.012691,0.414017,-0.138469,0.001628,0.009797,0.990317
1773245370.805314,-0.050055,0.012792,0.410990,-0.132009,-0.000282,0.008973,0.991208
1773245370.840576,-0.053460,0.013292,0.407619,-0.111357,-0.002694,0.007079,0.993752
1773245370.883488,-0.056869,0.015317,0.406450,-0.121141,-0.003292,0.007683,0.992600
1773245370.904263,-0.062196,0.015994,0.406966,-0.136731,-0.001996,0.009035,0.990565
1773245370.940699,-0.068713,0.016909,0.404888,-0.148660,0.000129,0.010319,0.988834
1773245370.973282,-0.073810,0.017806,0.402947,-0.161726,0.002919,0.011762,0.986761
1773245371.021126,-0.076675,0.017895,0.402086,-0.164730,0.003911,0.012151,0.986256
1773245371.040204,-0.083483,0.018342,0.398709,-0.146157,0.005473,0.011149,0.989183
1773245371.072936,-0.085427,0.019085,0.396756,-0.137425,0.004973,0.010430,0.990445
1773245371.104442,-0.088418,0.021466,0.394157,-0.129879,0.003656,0.009646,0.991476
1773245371.137964,-0.093383,0.022427,0.392695,-0.107205,0.003568,0.008078,0.994198
1773245371.176851,-0.097363,0.024683,0.390613,-0.105721,0.004540,0.008182,0.994352
1773245371.206187,-0.102728,0.026387,0.389819,-0.124108,0.006443,0.009838,0.992199
1773245371.237774,-0.102728,0.026387,0.389819,-0.124108,0.006443,0.009838,0.992199
1773245371.271683,-0.111548,0.026083,0.386484,-0.128757,0.008553,0.010553,0.991583
1773245371.305313,-0.115309,0.026706,0.383922,-0.132048,0.006275,0.010340,0.991170
1773245371.337708,-0.116671,0.027026,0.382632,-0.137869,0.004633,0.010436,0.990385
1773245371.371544,-0.120563,0.027407,0.381418,-0.139670,0.004198,0.010507,0.990133
1773245371.404257,-0.126201,0.029237,0.381250,-0.141358,0.005323,0.010863,0.989885
1773245371.437586,-0.128370,0.031886,0.381162,-0.140791,0.006399,0.011041,0.989957
1773245371.472049,-0.130855,0.031276,0.380323,-0.136039,0.007306,0.010875,0.990617
1773245371.504349,-0.133966,0.033025,0.378405,-0.116031,0.007860,0.009584,0.993168
1773245371.538458,-0.138172,0.033364,0.375971,-0.106523,0.005144,0.008372,0.994262
1773245371.571577,-0.138172,0.033364,0.375971,-0.106523,0.005144,0.008372,0.994262
1773245371.604325,-0.140875,0.032584,0.375698,-0.097926,0.003841,0.007543,0.995158
1773245371.638114,-0.148301,0.034320,0.377938,-0.099087,0.005039,0.007903,0.995035
1773245371.673465,-0.148301,0.034320,0.377938,-0.099087,0.005039,0.007903,0.995035
1773245371.704236,-0.154629,0.033474,0.378419,-0.094832,0.007395,0.008081,0.995433
1773245371.741970,-0.156534,0.034854,0.376628,-0.087330,0.007892,0.007649,0.996119
1773245371.773187,-0.160532,0.037100,0.373400,-0.040995,0.007540,0.004384,0.999121
1773245371.806100,-0.162209,0.037594,0.372692,-0.038693,0.006120,0.003940,0.999225
1773245371.837787,-0.165352,0.036769,0.372695,-0.031833,0.005022,0.003281,0.999475
1773245371.876949,-0.170404,0.035794,0.374970,-0.050957,0.005894,0.004790,0.998672
1773245371.906109,-0.173273,0.036042,0.377118,-0.060606,0.007164,0.005692,0.998120
1773245371.937659,-0.177127,0.036946,0.378026,-0.069905,0.010050,0.006883,0.997479
1773245371.972410,-0.178026,0.036804,0.377668,-0.073905,0.010440,0.007228,0.997184
1773245372.004292,-0.180802,0.037730,0.376100,-0.066721,0.010603,0.006723,0.997693
1773245372.037609,-0.182122,0.037223,0.376636,-0.060873,0.009612,0.006108,0.998081
1773245372.072366,-0.184390,0.036342,0.377877,-0.071199,0.007678,0.006452,0.997412
1773245372.104403,-0.188481,0.035783,0.380369,-0.090381,0.007000,0.007671,0.995853
1773245372.137690,-0.190942,0.034742,0.381094,-0.092701,0.007966,0.008047,0.995630
1773245372.175423,-0.194129,0.034084,0.381672,-0.106652,0.009368,0.009290,0.994209
1773245372.204331,-0.196612,0.034641,0.383134,-0.099485,0.010867,0.009108,0.994938
1773245372.237761,-0.196945,0.035077,0.383484,-0.101291,0.011570,0.009352,0.994746
1773245372.277633,-0.198197,0.033737,0.384667,-0.085987,0.012216,0.008431,0.996186
1773245372.316190,-0.200072,0.033033,0.385180,-0.068232,0.011132,0.006981,0.997583
1773245372.386707,-0.200072,0.033033,0.385180,-0.068232,0.011132,0.006981,0.997583
1773245372.404721,-0.204310,0.030177,0.388079,-0.050975,0.007589,0.005105,0.998658
1773245372.437689,-0.206586,0.029796,0.390057,-0.041184,0.009395,0.004790,0.999096
1773245372.472346,-0.210006,0.029421,0.392317,-0.038828,0.010938,0.004923,0.999174
1773245372.504282,-0.211687,0.027088,0.393123,-0.026288,0.012177,0.004285,0.999571
1773245372.538391,-0.211149,0.026404,0.392621,-0.026590,0.011500,0.004152,0.999572
1773245372.572271,-0.212056,0.025504,0.393038,-0.012094,0.010706,0.002985,0.999865
1773245372.607013,-0.212778,0.024448,0.393024,-0.024834,0.009067,0.003553,0.999644
1773245372.637744,-0.214302,0.022591,0.393416,-0.031887,0.008490,0.003950,0.999448
1773245372.683696,-0.217172,0.019556,0.394726,-0.058154,0.010060,0.006100,0.998238
1773245372.704262,-0.218090,0.017833,0.396101,-0.091767,0.011674,0.008710,0.995674
1773245372.737652,-0.219844,0.015806,0.397496,-0.103880,0.012693,0.009717,0.994461
1773245372.772236,-0.220246,0.015377,0.397669,-0.113528,0.011984,0.010211,0.993410
1773245372.804236,-0.220660,0.013439,0.398002,-0.133163,0.009767,0.011099,0.990984
1773245372.838242,-0.221422,0.010313,0.399274,-0.153824,0.007602,0.012094,0.987995
1773245372.877765,-0.221617,0.011047,0.399779,-0.163455,0.007245,0.012682,0.986443
1773245372.904291,-0.222636,0.010844,0.402160,-0.164042,0.008458,0.012963,0.986332
1773245372.938085,-0.222433,0.010106,0.403047,-0.142585,0.010727,0.011933,0.989652
1773245372.972394,-0.222433,0.010106,0.403047,-0.142585,0.010727,0.011933,0.989652
1773245373.004269,-0.224272,0.007411,0.404219,-0.132277,0.011536,0.011364,0.991080
1773245373.037784,-0.225081,0.003847,0.404162,-0.115947,0.010352,0.010011,0.993151
1773245373.072252,-0.223781,0.002341,0.404513,-0.119124,0.010026,0.010184,0.992777
1773245373.104652,-0.223975,0.002621,0.404988,-0.136971,0.010784,0.011584,0.990449
1773245373.138071,-0.225231,0.000532,0.406929,-0.159354,0.012727,0.013511,0.987047
1773245373.172402,-0.224378,0.000862,0.407889,-0.167392,0.013646,0.014249,0.985693
1773245373.204254,-0.223787,0.000858,0.408958,-0.181282,0.013601,0.015182,0.983220
1773245373.241026,-0.222257,-0.000936,0.410209,-0.176458,0.012254,0.014566,0.984124
1773245373.271764,-0.222461,-0.003113,0.411243,-0.172378,0.011302,0.014115,0.984865
1773245373.304288,-0.220456,-0.003732,0.411741,-0.183923,0.010571,0.014787,0.982773
1773245373.338521,-0.220149,-0.003517,0.413860,-0.193642,0.011378,0.015626,0.980882
1773245373.372959,-0.219109,-0.003469,0.416346,-0.187183,0.013301,0.015547,0.982112
1773245373.404248,-0.217493,-0.003023,0.418598,-0.188326,0.013051,0.015559,0.981897
1773245373.440029,-0.215622,-0.003384,0.421691,-0.181835,0.011187,0.014735,0.983155
1773245373.472366,-0.213254,-0.005331,0.421850,-0.172564,0.010490,0.013969,0.984843
1773245373.504516,-0.211900,-0.006356,0.423222,-0.173902,0.009901,0.013967,0.984614
1773245373.537652,-0.209676,-0.004275,0.426927,-0.191032,0.010761,0.015338,0.981405
1773245373.574874,-0.209444,-0.004905,0.429700,-0.205818,0.011697,0.016529,0.978381
1773245373.604301,-0.206854,-0.005046,0.429384,-0.219077,0.012692,0.017637,0.975466
1773245373.637459,-0.203603,-0.003327,0.431162,-0.232430,0.012758,0.018543,0.972353
1773245373.676936,-0.200270,-0.003983,0.433161,-0.223076,0.011883,0.017698,0.974568
1773245373.704251,-0.200270,-0.003983,0.433161,-0.223076,0.011883,0.017698,0.974568
1773245373.737744,-0.193134,-0.001987,0.437265,-0.225909,0.008408,0.017208,0.973960
1773245373.782489,-0.190461,-0.000608,0.440590,-0.229677,0.008879,0.017581,0.973068
1773245373.804347,-0.187313,0.001386,0.442191,-0.260695,0.008570,0.019651,0.965183
1773245373.837790,-0.186445,0.003048,0.443793,-0.270567,0.008619,0.020333,0.962448
1773245373.872418,-0.181692,0.005576,0.447179,-0.280111,0.007155,0.020683,0.959718
1773245373.904241,-0.178070,0.007298,0.448068,-0.269001,0.006010,0.019671,0.962920
1773245373.937695,-0.171821,0.010961,0.451459,-0.212341,0.006127,0.015807,0.977049
1773245373.974384,-0.170970,0.010722,0.452234,-0.199828,0.006248,0.014961,0.979697
1773245374.011463,-0.166283,0.014252,0.456050,-0.196451,0.006338,0.014796,0.980382
1773245374.043617,-0.162639,0.018582,0.460199,-0.226058,0.007680,0.017120,0.973933
1773245374.072054,-0.159053,0.019925,0.461313,-0.233606,0.008701,0.017846,0.972129
1773245374.104220,-0.154174,0.023747,0.462569,-0.215721,0.008957,0.016680,0.976272
1773245374.137761,-0.149757,0.026914,0.464927,-0.207694,0.008183,0.015972,0.978029
1773245374.172441,-0.143783,0.031800,0.469697,-0.189043,0.007201,0.014537,0.981835
1773245374.204292,-0.139034,0.035053,0.472969,-0.184554,0.007579,0.014328,0.982689
1773245374.239759,-0.136785,0.038493,0.475989,-0.192613,0.008122,0.015002,0.981126
1773245374.272902,-0.135899,0.039467,0.476813,-0.196807,0.008322,0.015338,0.980287
1773245374.304240,-0.126313,0.049126,0.483672,-0.181384,0.009017,0.014437,0.983265
1773245374.337658,-0.125053,0.050701,0.485615,-0.166477,0.008818,0.013386,0.985915
1773245374.374456,-0.123724,0.052017,0.486717,-0.157263,0.008429,0.012685,0.987439
1773245374.404269,-0.118080,0.055533,0.489373,-0.130484,0.007459,0.010679,0.991365
1773245374.447084,-0.113977,0.058747,0.491621,-0.123076,0.006346,0.010004,0.992327
1773245374.479346,-0.109386,0.062744,0.495470,-0.125461,0.005589,0.010077,0.992032
1773245374.505953,-0.101283,0.073190,0.501552,-0.091921,0.009016,0.008567,0.995689
1773245374.537808,-0.095553,0.080457,0.501185,-0.058563,0.011612,0.006790,0.998193
1773245374.572755,-0.093387,0.083316,0.502660,-0.033262,0.012128,0.005143,0.999360
1773245374.604230,-0.086557,0.087487,0.503613,0.004055,0.011167,0.002410,0.999927
1773245374.637610,-0.081919,0.091836,0.504897,0.012413,0.009882,0.001597,0.999873
1773245374.672241,-0.076367,0.098147,0.507317,0.019116,0.007737,0.000772,0.999787
1773245374.704240,-0.073675,0.102078,0.510080,0.026689,0.007733,0.000271,0.999614
1773245374.737702,-0.069588,0.105997,0.512790,0.027682,0.008632,0.000394,0.999579
1773245374.772278,-0.065339,0.110983,0.514391,0.032513,0.010502,0.000443,0.999416
1773245374.804305,-0.061237,0.116036,0.517398,0.042526,0.011811,-0.000016,0.999026
1773245374.837647,-0.059183,0.118496,0.518300,0.069160,0.012246,-0.001769,0.997529
1773245374.871833,-0.053264,0.123976,0.519821,0.093036,0.011137,-0.003632,0.995594
1773245374.904690,-0.047534,0.129231,0.520644,0.111149,0.008918,-0.005275,0.993750
1773245374.952259,-0.044560,0.131082,0.522608,0.108879,0.007943,-0.005288,0.994009
1773245374.980648,-0.040449,0.133486,0.525627,0.137468,0.008188,-0.007173,0.990446
1773245375.005200,-0.035118,0.138339,0.526227,0.172389,0.009027,-0.009435,0.984942
1773245375.050857,-0.035118,0.138339,0.526227,0.172389,0.009027,-0.009435,0.984942
1773245375.082445,-0.027593,0.145291,0.528529,0.185426,0.006090,-0.010850,0.982579
1773245375.130618,-0.027593,0.145291,0.528529,0.185426,0.006090,-0.010850,0.982579
1773245375.143414,-0.024116,0.147833,0.529230,0.192523,0.006238,-0.011300,0.981207
1773245375.172433,-0.019679,0.152055,0.529578,0.198788,0.008443,-0.011295,0.979941
1773245375.204313,-0.017784,0.153543,0.530219,0.214343,0.009759,-0.012113,0.976635
1773245375.237720,-0.016480,0.153095,0.530332,0.233282,0.009926,-0.013408,0.972266
1773245375.272351,-0.013060,0.153928,0.530370,0.245966,0.008183,-0.014614,0.969134
1773245375.304243,-0.009533,0.154509,0.530191,0.243443,0.006224,-0.014815,0.969782
1773245375.337845,-0.005819,0.153528,0.529868,0.236816,0.004280,-0.014695,0.971434
1773245375.371705,-0.003804,0.152576,0.529969,0.235829,0.003832,-0.014665,0.971676
1773245375.404371,-0.000353,0.154412,0.529477,0.217157,0.005266,-0.013089,0.976035
1773245375.444199,-0.000040,0.154319,0.530540,0.214783,0.007610,-0.012464,0.976553
1773245375.471896,0.000937,0.152762,0.530431,0.217033,0.008792,-0.012406,0.976046
1773245375.504757,0.003727,0.151375,0.529042,0.220172,0.008893,-0.012611,0.975339
1773245375.537683,0.005062,0.149832,0.526140,0.202795,0.008105,-0.011576,0.979119
1773245375.572495,0.006169,0.146852,0.526157,0.202146,0.007010,-0.011698,0.979261
1773245375.604345,0.008673,0.144943,0.526101,0.179363,0.006982,-0.010095,0.983706
1773245375.637727,0.009850,0.141455,0.527653,0.171324,0.007691,-0.009361,0.985140
1773245375.672058,0.010354,0.138308,0.528216,0.176635,0.009046,-0.009464,0.984189
1773245375.706180,0.010820,0.135239,0.529290,0.184404,0.009974,-0.009841,0.982751
1773245375.739096,0.012302,0.133612,0.527517,0.194139,0.009703,-0.010567,0.980869
1773245375.772591,0.016032,0.130429,0.524584,0.171654,0.008326,-0.009271,0.985078
1773245375.804276,0.017521,0.128221,0.524139,0.162993,0.007492,-0.008776,0.986560
1773245375.837850,0.017978,0.122955,0.525333,0.162049,0.007979,-0.008567,0.986713
1773245375.872353,0.017446,0.118127,0.525977,0.160029,0.009028,-0.008237,0.987037
1773245375.904351,0.018573,0.113236,0.524133,0.167115,0.009138,-0.008727,0.985856
1773245375.937714,0.019675,0.111571,0.522736,0.165234,0.008659,-0.008693,0.986178
1773245375.972112,0.021417,0.106368,0.520413,0.154959,0.006872,-0.008333,0.987862
1773245376.004241,0.021620,0.100803,0.518366,0.137929,0.005208,-0.007468,0.990400
1773245376.037853,0.021796,0.095638,0.518457,0.097939,0.004804,-0.004740,0.995170
1773245376.079638,0.022253,0.091330,0.518543,0.073170,0.006069,-0.002772,0.997297
1773245376.104318,0.022414,0.086156,0.517475,0.062873,0.008444,-0.001618,0.997985
1773245376.139959,0.021458,0.080293,0.516139,0.048728,0.010369,-0.000309,0.998758
1773245376.173386,0.021294,0.074194,0.512747,0.053269,0.008716,-0.000938,0.998542
1773245376.204623,0.021249,0.072432,0.511831,0.053678,0.008035,-0.001097,0.998525
1773245376.237627,0.021249,0.072432,0.511831,0.053678,0.008035,-0.001097,0.998525
1773245376.273206,0.023414,0.066594,0.508175,0.032750,0.005775,-0.000070,0.999447
1773245376.304296,0.021986,0.059831,0.507206,0.035226,0.006658,-0.000079,0.999357
1773245376.337647,0.020778,0.051566,0.507549,0.045419,0.007736,-0.000619,0.998938
1773245376.372503,0.021815,0.043935,0.504755,0.041098,0.007204,-0.000460,0.999129
1773245376.405458,0.021248,0.040611,0.503302,0.023724,0.006558,0.000611,0.999697
1773245376.437851,0.020992,0.038926,0.502692,0.012763,0.005985,0.001258,0.999900
1773245376.474835,0.020887,0.031554,0.501804,-0.037929,0.003647,0.004313,0.999264
1773245376.505012,0.019433,0.023319,0.503453,-0.117738,0.003966,0.009835,0.992988
1773245376.537605,0.017569,0.016878,0.503554,-0.155363,0.005539,0.012660,0.987761
1773245376.572016,0.017037,0.012351,0.501814,-0.164697,0.007083,0.013544,0.986226
1773245376.605773,0.016506,0.008832,0.500252,-0.169905,0.007408,0.013917,0.985334
1773245376.637748,0.015060,0.000947,0.498213,-0.157713,0.005355,0.012620,0.987390
1773245376.671699,0.016487,-0.000767,0.495887,-0.147848,0.003907,0.011661,0.988934
1773245376.706143,0.015960,-0.003698,0.494734,-0.145220,0.002886,0.011282,0.989331
1773245376.738183,0.013904,-0.008959,0.492594,-0.154437,0.002681,0.011910,0.987927
1773245376.771852,0.011761,-0.012795,0.491172,-0.162732,0.003386,0.012612,0.986584
1773245376.804300,0.009141,-0.016718,0.491113,-0.170002,0.004867,0.013368,0.985341
1773245376.837758,0.008766,-0.017647,0.491240,-0.173712,0.006046,0.013809,0.984681
1773245376.872325,0.007160,-0.019188,0.489378,-0.172494,0.006309,0.013745,0.984894
1773245376.904400,0.006551,-0.023015,0.489917,-0.172318,0.004948,0.013452,0.984937
1773245376.937663,0.006551,-0.023015,0.489917,-0.172318,0.004948,0.013452,0.984937
1773245376.972064,0.007738,-0.024586,0.490392,-0.168551,0.003298,0.012884,0.985603
1773245377.004405,0.007326,-0.025885,0.491653,-0.176135,0.002632,0.013299,0.984273
1773245377.039507,0.004099,-0.030081,0.491609,-0.196441,0.005326,0.015259,0.980382
1773245377.085884,0.002299,-0.031364,0.490881,-0.199714,0.005705,0.015553,0.979714
1773245377.104501,0.000054,-0.034104,0.489855,-0.197808,0.006902,0.015647,0.980092
1773245377.137867,0.000375,-0.034487,0.488559,-0.192497,0.005698,0.015060,0.981166
1773245377.181961,-0.001356,-0.035582,0.488130,-0.193024,0.004186,0.014827,0.981073
1773245377.205350,-0.002017,-0.036132,0.488219,-0.189323,0.003880,0.014539,0.981800
1773245377.240808,-0.003107,-0.036924,0.487721,-0.183250,0.005220,0.014385,0.982947
1773245377.272464,-0.004953,-0.036150,0.488469,-0.174605,0.007011,0.014120,0.984512
1773245377.304271,-0.006227,-0.035594,0.488231,-0.177072,0.007141,0.014308,0.984068
1773245377.338006,-0.006287,-0.034167,0.487973,-0.160511,0.005902,0.012945,0.986932
1773245377.372606,-0.007272,-0.032916,0.487858,-0.153457,0.005131,0.012338,0.988065
1773245377.404225,-0.009399,-0.033993,0.487725,-0.154138,0.005439,0.012469,0.987956
1773245377.437673,-0.011124,-0.034227,0.488835,-0.172887,0.006556,0.013993,0.984820
1773245377.471705,-0.011544,-0.033593,0.488848,-0.189639,0.007752,0.015342,0.981703
1773245377.504249,-0.011601,-0.031764,0.489118,-0.192068,0.008286,0.015608,0.981223
1773245377.558583,-0.011899,-0.029925,0.489421,-0.192539,0.007242,0.015449,0.981141
1773245377.579925,-0.011899,-0.029925,0.489421,-0.192539,0.007242,0.015449,0.981141
1773245377.610587,-0.011058,-0.027011,0.487466,-0.202300,0.005681,0.015852,0.979179
1773245377.642462,-0.012902,-0.026165,0.486110,-0.213468,0.005336,0.016561,0.976795
1773245377.672785,-0.017014,-0.024423,0.485073,-0.235943,0.006491,0.018310,0.971573
1773245377.704252,-0.017560,-0.023755,0.484822,-0.232049,0.007338,0.018200,0.972506
1773245377.738460,-0.017227,-0.020056,0.487325,-0.218740,0.008571,0.017482,0.975589
1773245377.772428,-0.016557,-0.016618,0.487245,-0.193233,0.008302,0.015684,0.980992
1773245377.804245,-0.016020,-0.011185,0.485729,-0.169187,0.009272,0.014260,0.985437
1773245377.837738,-0.017008,-0.008238,0.484361,-0.167430,0.010610,0.014410,0.985722
1773245377.872287,-0.018700,-0.004957,0.483685,-0.157123,0.012474,0.014035,0.987401
1773245377.904238,-0.019769,-0.002123,0.483042,-0.133743,0.013251,0.012575,0.990848
1773245377.937645,-0.019583,0.000662,0.484030,-0.129254,0.012049,0.012049,0.991465
1773245377.974952,-0.018143,0.003722,0.485397,-0.129834,0.010863,0.011891,0.991405
1773245378.006009,-0.017118,0.005919,0.486879,-0.128639,0.011384,0.011921,0.991554
1773245378.048302,-0.017118,0.005919,0.486879,-0.128639,0.011384,0.011921,0.991554
1773245378.072038,-0.017537,0.013190,0.490736,-0.116543,0.013459,0.011473,0.993028
1773245378.104928,-0.017537,0.013190,0.490736,-0.116543,0.013459,0.011473,0.993028
1773245378.154435,-0.017537,0.013190,0.490736,-0.116543,0.013459,0.011473,0.993028
1773245378.180684,-0.014099,0.027687,0.493806,-0.057055,0.011678,0.007017,0.998278
1773245378.206913,-0.012831,0.028441,0.493662,-0.052511,0.011441,0.006667,0.998533
1773245378.238132,-0.012831,0.028441,0.493662,-0.052511,0.011441,0.006667,0.998533
1773245378.272225,-0.011861,0.037498,0.498002,-0.062028,0.013706,0.007758,0.997950
1773245378.304257,-0.011690,0.041677,0.498631,-0.058440,0.014981,0.007720,0.998149
1773245378.340913,-0.010701,0.044569,0.498636,-0.044669,0.015005,0.006768,0.998866
1773245378.372194,-0.009785,0.047199,0.498766,-0.030506,0.013623,0.005529,0.999426
1773245378.404307,-0.006982,0.052290,0.499449,-0.039854,0.012487,0.005986,0.999110
1773245378.444250,-0.005704,0.055762,0.501417,-0.058870,0.013307,0.007454,0.998149
1773245378.486428,-0.005188,0.059533,0.502342,-0.062958,0.014635,0.007978,0.997877
1773245378.514975,-0.003946,0.063572,0.502203,-0.055687,0.014995,0.007555,0.998307
1773245378.542225,-0.002383,0.067502,0.502217,-0.051058,0.014125,0.007083,0.998571
1773245378.572622,-0.000578,0.070400,0.503184,-0.048938,0.012850,0.006730,0.998696
1773245378.604156,0.002082,0.074542,0.503566,-0.075180,0.012334,0.008450,0.997058
1773245378.638575,0.003671,0.078065,0.505612,-0.081922,0.013669,0.009166,0.996503
1773245378.672601,0.003178,0.081278,0.506776,-0.083225,0.014344,0.009356,0.996384
1773245378.704272,0.004149,0.084432,0.507180,-0.040749,0.013549,0.006305,0.999058
1773245378.742179,0.008189,0.087917,0.506511,-0.026717,0.012058,0.005065,0.999557
1773245378.772127,0.011590,0.092567,0.507121,-0.008763,0.010914,0.003655,0.999895
1773245378.804233,0.013453,0.095977,0.505145,0.017322,0.012426,0.002136,0.999770
1773245378.837784,0.014309,0.099429,0.503400,0.051648,0.013058,-0.000093,0.998580
1773245378.872869,0.016814,0.104722,0.501412,0.056901,0.011750,-0.000697,0.998310
1773245378.904811,0.017808,0.107022,0.500941,0.039324,0.009934,0.000186,0.999177
1773245378.946508,0.017749,0.108627,0.501299,0.018280,0.008875,0.001464,0.999792
1773245378.972747,0.018984,0.111186,0.502706,0.023776,0.009648,0.001259,0.999670
1773245379.013043,0.022446,0.114779,0.503194,0.029248,0.010224,0.000966,0.999519
1773245379.041807,0.022446,0.114779,0.503194,0.029248,0.010224,0.000966,0.999519
1773245379.078835,0.030042,0.121716,0.499930,0.061987,0.007839,-0.001705,0.998045
1773245379.104364,0.033440,0.123189,0.494899,0.065394,0.006390,-0.002172,0.997837
1773245379.137875,0.036681,0.125580,0.484744,0.056890,0.006006,-0.001631,0.998361
1773245379.171932,0.039583,0.128336,0.472754,0.055600,0.006910,-0.001346,0.998428
1773245379.204264,0.043222,0.131285,0.454993,0.044004,0.007672,-0.000422,0.999002
1773245379.237667,0.046855,0.133502,0.432753,0.048064,0.007000,-0.000811,0.998819
1773245379.276449,0.050058,0.130939,0.408794,0.032331,-0.000453,-0.001961,0.999475
1773245379.304277,0.053007,0.126974,0.393470,0.024452,-0.006442,-0.004404,0.999671
1773245379.338492,0.055809,0.118314,0.359450,-0.036655,-0.009362,-0.005396,0.999270
1773245379.372250,0.056151,0.112107,0.351090,-0.041358,-0.009645,-0.007071,0.999073
1773245379.404254,0.058097,0.101167,0.314864,-0.086202,-0.008308,-0.009095,0.996202
1773245379.437783,0.060000,0.089492,0.276938,-0.161968,-0.006346,-0.009140,0.986733
1773245379.472102,0.060565,0.080633,0.252821,-0.232241,-0.004309,-0.007633,0.972619
1773245379.504244,0.060710,0.080057,0.247549,-0.239419,-0.003899,-0.007545,0.970879
1773245379.537698,0.063858,0.066270,0.213814,-0.309863,-0.002395,-0.007524,0.950748
1773245379.571593,0.062705,0.061090,0.176679,-0.356894,-0.002116,-0.008088,0.934108
1773245379.618716,0.059514,0.064059,0.147636,-0.400355,-0.002387,-0.007714,0.916325
1773245379.641392,0.060826,0.059384,0.112534,-0.465231,-0.002249,-0.005433,0.885170
1773245379.679204,0.063157,0.057877,0.095199,-0.504955,-0.002672,-0.004139,0.863132
1773245379.711247,0.064586,0.058482,0.068421,-0.544876,-0.002321,-0.002950,0.838508
1773245379.740841,0.068543,0.057520,0.069047,-0.562814,-0.002228,-0.002058,0.826578
1773245379.775089,0.070188,0.060332,0.048362,-0.618521,-0.003954,-0.000087,0.785759
1773245379.804224,0.072370,0.061396,0.018108,-0.692819,-0.007727,0.002636,0.721065
1773245379.837755,0.072999,0.062022,-0.000198,-0.729643,-0.009134,0.004240,0.683754
1773245379.872840,0.075112,0.060376,-0.012314,-0.739377,-0.009005,0.004740,0.673215
1773245379.904240,0.076259,0.058627,-0.026933,-0.745323,-0.008536,0.004707,0.666632
1773245379.937651,0.076542,0.059309,-0.043722,-0.753369,-0.008545,0.004147,0.657529
1773245379.972336,0.077331,0.058759,-0.067418,-0.772950,-0.009986,0.003791,0.634377
1773245380.004377,0.079435,0.055379,-0.076830,-0.788871,-0.011219,0.004042,0.614443
1773245380.039172,0.079350,0.052974,-0.093357,-0.810023,-0.012581,0.004922,0.586242
1773245380.072464,0.081447,0.050041,-0.112956,-0.813291,-0.012505,0.004402,0.581707
1773245380.104305,0.083141,0.047171,-0.129138,-0.807780,-0.011319,0.004197,0.589360
1773245380.137736,0.083510,0.042027,-0.137534,-0.802331,-0.010612,0.003651,0.596773
1773245380.172977,0.084794,0.038874,-0.153566,-0.803626,-0.010583,0.003130,0.595033
1773245380.204363,0.086301,0.037407,-0.166417,-0.823091,-0.013197,0.002479,0.567751
1773245380.238020,0.090337,0.033241,-0.170866,-0.836091,-0.014304,0.003155,0.548395
1773245380.272449,0.092644,0.031700,-0.183748,-0.850406,-0.016278,0.002715,0.525867
1773245380.306083,0.095197,0.028352,-0.188763,-0.850554,-0.016223,0.002610,0.525631
1773245380.343071,0.095197,0.028352,-0.188763,-0.850554,-0.016223,0.002610,0.525631
1773245380.378117,0.095197,0.028352,-0.188763,-0.850554,-0.016223,0.002610,0.525631
1773245380.410891,0.096814,0.028386,-0.222541,-0.863987,-0.019400,-0.000009,0.503140
1773245380.443620,0.098375,0.026452,-0.225971,-0.870831,-0.020388,-0.000008,0.491160
1773245380.472058,0.096855,0.028674,-0.233198,-0.882502,-0.022200,-0.000094,0.469785
1773245380.511240,0.099496,0.025376,-0.247439,-0.889864,-0.022322,0.001259,0.455678
1773245380.538011,0.097464,0.030766,-0.269799,-0.866163,-0.018408,0.001062,0.499421
1773245380.572490,0.095732,0.033110,-0.290005,-0.874826,-0.019627,0.001032,0.484038
1773245380.605066,0.094631,0.035864,-0.302965,-0.885118,-0.020764,0.001651,0.464901
1773245380.638478,0.092292,0.040051,-0.314590,-0.880241,-0.018881,0.003201,0.474141
1773245380.674941,0.090675,0.043986,-0.325189,-0.861961,-0.016621,0.002152,0.506697
1773245380.705013,0.089973,0.047231,-0.338824,-0.849491,-0.014810,0.002078,0.527391
1773245380.737710,0.089247,0.047960,-0.345462,-0.852943,-0.015019,0.002513,0.521782
1773245380.772932,0.085331,0.055346,-0.364256,-0.860883,-0.016758,0.001625,0.508524
1773245380.804288,0.082031,0.060964,-0.374336,-0.849787,-0.014856,0.001949,0.526913
1773245380.838323,0.078156,0.066280,-0.383000,-0.837368,-0.012689,0.002497,0.546487
1773245380.871650,0.074426,0.071249,-0.391016,-0.828057,-0.011772,0.001786,0.560517
1773245380.904249,0.072458,0.075300,-0.398803,-0.820745,-0.010082,0.002763,0.571199
1773245380.946621,0.064004,0.086853,-0.415140,-0.808138,-0.006956,0.004781,0.588932
1773245380.971917,0.061827,0.091045,-0.423115,-0.796410,-0.005213,0.004936,0.604714
1773245381.004292,0.055772,0.098985,-0.432508,-0.802512,-0.005834,0.005141,0.596585
1773245381.037762,0.050078,0.104988,-0.441621,-0.816467,-0.006641,0.006654,0.577315
1773245381.083155,0.050078,0.104988,-0.441621,-0.816467,-0.006641,0.006654,0.577315
1773245381.104585,0.037755,0.118464,-0.460792,-0.780929,-0.001848,0.006596,0.624583
1773245381.140549,0.030009,0.127145,-0.467311,-0.771045,-0.000702,0.006407,0.636748
1773245381.172483,0.020869,0.139033,-0.477555,-0.775592,-0.001471,0.006009,0.631204
1773245381.204318,0.012344,0.150694,-0.486668,-0.789552,-0.002748,0.006689,0.613641
1773245381.237663,0.002406,0.163538,-0.499596,-0.788549,-0.002600,0.006626,0.614930
1773245381.272328,-0.006229,0.178188,-0.514967,-0.783939,-0.002089,0.006411,0.620802
1773245381.304658,-0.014762,0.194410,-0.531072,-0.787214,-0.002489,0.006390,0.616642
1773245381.337969,-0.025302,0.215941,-0.553975,-0.755790,0.000226,0.004438,0.654800
1773245381.372614,-0.032056,0.234929,-0.570409,-0.708490,0.003405,0.001028,0.705712
1773245381.404286,-0.038331,0.245063,-0.580548,-0.687826,0.003957,-0.001624,0.725863
1773245381.437800,-0.050145,0.259291,-0.601739,-0.636955,0.008577,-0.002733,0.770848
1773245381.476069,-0.063947,0.278390,-0.616816,-0.698266,0.005804,0.003215,0.715808
1773245381.509271,-0.078097,0.298348,-0.640043,-0.696215,0.007120,0.004699,0.717783
1773245381.537708,-0.088511,0.316544,-0.655041,-0.700667,0.006643,0.004824,0.713442
1773245381.572513,-0.105009,0.347159,-0.678725,-0.690850,0.007093,0.003829,0.722953
1773245381.604291,-0.118986,0.366227,-0.695207,-0.708902,0.006490,0.006128,0.705251
1773245381.640048,-0.132020,0.387949,-0.712715,-0.697611,0.007172,0.005224,0.716422
1773245381.671920,-0.140342,0.400955,-0.726847,-0.700637,0.006911,0.005400,0.713464
1773245381.704273,-0.166585,0.437792,-0.754231,-0.706705,0.006793,0.006330,0.707448
1773245381.738122,-0.185359,0.466530,-0.772500,-0.706819,0.006770,0.006358,0.707334
1773245381.771718,-0.205266,0.496767,-0.790012,-0.709830,0.006876,0.007105,0.704304
1773245381.804266,-0.224421,0.527369,-0.810288,-0.719045,0.006316,0.007942,0.694890
1773245381.838862,-0.243252,0.556428,-0.825030,-0.720617,0.006273,0.008166,0.693257
1773245381.872812,-0.260732,0.585668,-0.842398,-0.725427,0.006007,0.008661,0.688219
1773245381.904322,-0.281495,0.621801,-0.862183,-0.731915,0.005591,0.009236,0.681311
1773245381.937637,-0.302970,0.659087,-0.881974,-0.735642,0.005425,0.009710,0.677279
1773245381.971795,-0.324833,0.698248,-0.901554,-0.741621,0.004947,0.010091,0.670725
1773245382.004369,-0.346161,0.738510,-0.922135,-0.746867,0.004629,0.010602,0.664872
1773245382.037610,-0.364213,0.774669,-0.940316,-0.751992,0.004219,0.010949,0.659067
1773245382.071988,-0.386415,0.811662,-0.955528,-0.755507,0.003918,0.011171,0.655034
1773245382.104261,-0.415240,0.859929,-0.976550,-0.760878,0.003412,0.011424,0.648785
1773245382.138426,-0.429332,0.883969,-0.988265,-0.765346,0.003012,0.011667,0.643506
1773245382.171949,-0.452655,0.932279,-1.008544,-0.771672,0.002383,0.011928,0.635905
1773245382.205518,-0.481070,0.991344,-1.028814,-0.776752,0.001936,0.012231,0.629685
1773245382.238433,-0.505524,1.044889,-1.048556,-0.783428,0.001303,0.012583,0.621354
1773245382.271736,-0.526592,1.093175,-1.065868,-0.789258,0.000741,0.012885,0.613926
1773245382.304472,-0.546936,1.163110,-1.092999,-0.797790,-0.000231,0.013092,0.602793
1773245382.345937,-0.573190,1.212863,-1.108120,-0.799228,-0.000341,0.013229,0.600882
1773245382.373413,-0.591207,1.267333,-1.125335,-0.804261,-0.000866,0.013449,0.594123
1773245382.404341,-0.609737,1.313649,-1.139773,-0.808823,-0.001413,0.013540,0.587895
1773245382.455416,-0.609737,1.313649,-1.139773,-0.808823,-0.001413,0.013540,0.587895
1773245382.480934,-0.643880,1.398231,-1.165336,-0.814284,-0.002049,0.013700,0.580302
1773245382.504282,-0.644079,1.421898,-1.172622,-0.817935,-0.002506,0.013747,0.575140
1773245382.541168,-0.709230,1.581928,-1.219250,-0.828547,-0.003785,0.014044,0.559730
1773245382.572865,-0.735470,1.661578,-1.236976,-0.833299,-0.004343,0.014214,0.552623
1773245382.604335,-0.754881,1.724015,-1.252196,-0.837932,-0.004968,0.014260,0.545566
1773245382.637949,-0.776617,1.789328,-1.268287,-0.840878,-0.005335,0.014336,0.541009
1773245382.672601,-0.805337,1.868711,-1.287786,-0.845747,-0.006000,0.014390,0.533356
1773245382.707602,-0.824065,1.928914,-1.301709,-0.850254,-0.006632,0.014419,0.526133
1773245382.741989,-0.829102,1.940166,-1.304184,-0.849962,-0.006618,0.014373,0.526607
1773245382.772519,-0.867501,2.047838,-1.329433,-0.855574,-0.007344,0.014532,0.517424
1773245382.804255,-0.912096,2.189592,-1.363756,-0.862494,-0.008387,0.014497,0.505789
1773245382.837725,-0.938021,2.269069,-1.382890,-0.865782,-0.008954,0.014373,0.500135
1773245382.873300,-0.983448,2.385208,-1.410747,-0.869877,-0.009576,0.014381,0.492967
1773245382.904280,-0.997270,2.428739,-1.420191,-0.871861,-0.009944,0.014267,0.489445
1773245382.943103,-1.046466,2.548186,-1.444677,-0.875555,-0.010540,0.014239,0.482793
1773245382.977753,-1.069852,2.604360,-1.456205,-0.877290,-0.010846,0.014173,0.479628
1773245383.006063,-1.129806,2.743024,-1.483441,-0.879948,-0.011335,0.014070,0.474726
1773245383.037713,-1.177304,2.855980,-1.508869,-0.881805,-0.011617,0.014089,0.471261
1773245383.072585,-1.201287,2.915849,-1.522158,-0.883768,-0.011986,0.013995,0.467563
1773245383.108139,-1.227751,2.976248,-1.536235,-0.885145,-0.012270,0.013887,0.464946
1773245383.137743,-1.280190,3.093604,-1.565440,-0.886731,-0.012631,0.013708,0.461910
1773245383.171617,-1.340280,3.227639,-1.593785,-0.887893,-0.012883,0.013613,0.459667
1773245383.204348,-1.381577,3.320781,-1.616775,-0.888270,-0.013076,0.013393,0.458940
1773245383.237706,-1.406320,3.344945,-1.600271,-0.886289,-0.012770,0.013339,0.462764
1773245383.272383,-1.469981,3.494917,-1.627626,-0.888261,-0.013080,0.013352,0.458959
1773245383.304397,-1.498720,3.561301,-1.637267,-0.888504,-0.013122,0.013332,0.458487
1773245383.337648,-1.547378,3.659170,-1.655237,-0.887938,-0.013182,0.013081,0.459588
1773245383.372797,-1.596004,3.764783,-1.676883,-0.889441,-0.013443,0.013050,0.456665
1773245383.406545,-1.644879,3.858418,-1.699259,-0.890477,-0.013633,0.013010,0.454637
1773245383.437703,-1.694755,3.952870,-1.721073,-0.889012,-0.013543,0.012753,0.457506
1773245383.472000,-1.770006,4.097607,-1.752283,-0.890841,-0.013945,0.012590,0.453927
1773245383.504281,-1.797795,4.145673,-1.771420,-0.889525,-0.013767,0.012514,0.456508
1773245383.538348,-1.828851,4.213945,-1.780905,-0.891064,-0.014026,0.012509,0.453488
1773245383.572428,-1.852919,4.243638,-1.799703,-0.892437,-0.014375,0.012308,0.450774
1773245383.604654,-1.985768,4.489863,-1.872195,-0.891961,-0.014353,0.012200,0.451719
1773245383.643108,-2.067932,4.644463,-1.911304,-0.892750,-0.014580,0.012023,0.450157
1773245383.680593,-2.115402,4.726028,-1.940984,-0.891541,-0.014442,0.011904,0.452553
1773245383.704276,-2.183263,4.847064,-1.975438,-0.891741,-0.014557,0.011768,0.452159
1773245383.742737,-2.253009,4.968470,-2.007247,-0.890585,-0.014493,0.011552,0.454440
1773245383.790456,-2.253009,4.968470,-2.007247,-0.890585,-0.014493,0.011552,0.454440
1773245383.804350,-2.314624,5.072745,-2.039224,-0.890749,-0.014513,0.011549,0.454116
1773245383.840750,-2.453302,5.320124,-2.107851,-0.890479,-0.014550,0.011409,0.454649
1773245383.874449,-2.506895,5.407152,-2.138588,-0.890014,-0.014492,0.011375,0.455560
1773245383.904261,-2.603939,5.589532,-2.187417,-0.890444,-0.014550,0.011387,0.454719
1773245383.941885,-2.648931,5.653248,-2.220695,-0.888678,-0.014293,0.011314,0.458170
1773245383.975684,-2.725078,5.780231,-2.259996,-0.888592,-0.014317,0.011263,0.458337
1773245384.006019,-2.803514,5.908891,-2.297577,-0.888422,-0.014327,0.011195,0.458667
1773245384.037648,-2.877009,6.038080,-2.332173,-0.887549,-0.014173,0.011199,0.460359
1773245384.074808,-2.877009,6.038080,-2.332173,-0.887549,-0.014173,0.011199,0.460359
1773245384.104311,-3.014578,6.281142,-2.403596,-0.885646,-0.014011,0.010949,0.464020
1773245384.137757,-3.076356,6.389478,-2.445973,-0.885257,-0.013893,0.011043,0.464763
1773245384.172835,-3.152546,6.521768,-2.485156,-0.884219,-0.013757,0.010964,0.466741
1773245384.205415,-3.248057,6.696295,-2.530828,-0.883288,-0.013695,0.010829,0.468505
1773245384.238413,-3.310922,6.810135,-2.565178,-0.882412,-0.013544,0.010835,0.470158
1773245384.272981,-3.362689,6.901232,-2.598071,-0.880872,-0.013356,0.010729,0.473045
1773245384.304294,-3.411007,6.995591,-2.627192,-0.880101,-0.013203,0.010773,0.474481
1773245384.344669,-3.510361,7.173723,-2.668402,-0.879154,-0.013060,0.010753,0.476237
1773245384.378951,-3.588476,7.311817,-2.707991,-0.878058,-0.012934,0.010676,0.478260
1773245384.405065,-3.662935,7.448895,-2.747670,-0.876840,-0.012772,0.010607,0.480496
1773245384.438454,-3.741696,7.585421,-2.797815,-0.876478,-0.012709,0.010617,0.481157
1773245384.472605,-3.782965,7.655593,-2.823728,-0.875040,-0.012462,0.010644,0.483773
1773245384.504069,-3.898959,7.860106,-2.873874,-0.874062,-0.012367,0.010547,0.485542
1773245384.537673,-3.948671,7.952979,-2.910864,-0.873277,-0.012168,0.010672,0.486956
1773245384.572144,-4.034555,8.116874,-2.950751,-0.872678,-0.012093,0.010636,0.488031
1773245384.604365,-4.108795,8.257446,-2.991127,-0.871823,-0.011930,0.010682,0.489560
1773245384.637756,-4.170834,8.375533,-3.023711,-0.870780,-0.011740,0.010725,0.491416
1773245384.674156,-4.245430,8.519474,-3.060155,-0.870511,-0.011665,0.010772,0.491893
1773245384.704786,-4.319064,8.660465,-3.113030,-0.867049,-0.011145,0.010746,0.497983
1773245384.737868,-4.381896,8.778158,-3.131489,-0.867829,-0.011307,0.010676,0.496619
1773245384.771949,-4.457673,8.920639,-3.164849,-0.868334,-0.011282,0.010826,0.495734
1773245384.804266,-4.531876,9.063736,-3.199318,-0.866633,-0.011072,0.010739,0.498708
1773245384.838410,-4.599386,9.185854,-3.231875,-0.864993,-0.010910,0.010592,0.501553
1773245384.872635,-4.673553,9.330651,-3.262933,-0.864039,-0.010731,0.010641,0.503198
1773245384.904273,-4.724068,9.425429,-3.296548,-0.862542,-0.010582,0.010518,0.505765
1773245384.938628,-4.814536,9.594511,-3.334906,-0.861174,-0.010368,0.010510,0.508095
1773245384.972887,-4.888880,9.738750,-3.369483,-0.861762,-0.010439,0.010541,0.507096
1773245385.004314,-4.883589,9.734393,-3.380420,-0.859106,-0.010002,0.010604,0.511590
1773245385.037681,-4.997305,9.950591,-3.427033,-0.858671,-0.009893,0.010681,0.512320
1773245385.074793,-5.085385,10.120114,-3.458987,-0.858063,-0.009849,0.010588,0.513341
1773245385.104346,-5.145855,10.237501,-3.490554,-0.858450,-0.009819,0.010729,0.512691
1773245385.138637,-5.179230,10.290190,-3.491938,-0.855527,-0.009356,0.010767,0.517562
1773245385.171751,-5.263207,10.431556,-3.505028,-0.854791,-0.009295,0.010695,0.518780
1773245385.204336,-5.324153,10.530077,-3.503898,-0.852978,-0.008978,0.010768,0.521758
1773245385.237829,-5.385478,10.630524,-3.513012,-0.851363,-0.008712,0.010810,0.524394
1773245385.271856,-5.404703,10.650198,-3.511631,-0.849405,-0.008403,0.010840,0.527563
1773245385.304247,-5.535735,10.871150,-3.536034,-0.848941,-0.008362,0.010793,0.528312
1773245385.338011,-5.535735,10.871150,-3.536034,-0.848941,-0.008362,0.010793,0.528312
1773245385.371747,-5.578544,10.933821,-3.534470,-0.846911,-0.008031,0.010846,0.531564
1773245385.406640,-5.637364,11.023834,-3.548007,-0.845489,-0.007797,0.010890,0.533826
1773245385.437709,-5.778364,11.229893,-3.546893,-0.841558,-0.007198,0.010933,0.540008
1773245385.471978,-5.799474,11.245529,-3.498982,-0.838548,-0.006704,0.011035,0.544674
1773245385.505010,-5.868652,11.338957,-3.486168,-0.836690,-0.006444,0.011019,0.547527
1773245385.548694,-5.935559,11.427131,-3.486268,-0.835286,-0.006244,0.011016,0.549669
1773245385.572488,-5.970787,11.473423,-3.485082,-0.833179,-0.005940,0.011024,0.552862
1773245385.604285,-6.093189,11.662408,-3.499485,-0.832065,-0.005812,0.010973,0.554539
1773245385.637741,-6.131642,11.706915,-3.484824,-0.830129,-0.005503,0.011030,0.557434
1773245385.673696,-6.170047,11.744083,-3.469644,-0.827661,-0.005149,0.011044,0.561096
1773245385.708724,-6.217441,11.801287,-3.454257,-0.825739,-0.004835,0.011121,0.563923
1773245385.747662,-6.258674,11.846705,-3.437115,-0.823623,-0.004534,0.011134,0.567010
1773245385.782397,-6.258674,11.846705,-3.437115,-0.823623,-0.004534,0.011134,0.567010
1773245385.815303,-6.436438,12.097780,-3.437397,-0.820305,-0.004122,0.011054,0.571805
1773245385.837746,-6.384489,11.938794,-3.266637,-0.814366,-0.003218,0.011214,0.580234
1773245385.873303,-6.412156,11.893579,-3.212342,-0.809859,-0.002610,0.011214,0.586511
1773245385.904314,-6.433018,11.906161,-3.193884,-0.807702,-0.002310,0.011232,0.589480
1773245385.937932,-6.516278,12.030324,-3.190255,-0.806215,-0.002129,0.011200,0.591513
1773245385.971987,-6.556918,12.089992,-3.186174,-0.805248,-0.001969,0.011250,0.592828
1773245386.004359,-6.619558,12.177431,-3.188543,-0.803820,-0.001812,0.011197,0.594764
1773245386.039877,-6.667557,12.241723,-3.192740,-0.802520,-0.001665,0.011156,0.596519
1773245386.073109,-6.739273,12.339257,-3.211300,-0.801647,-0.001564,0.011127,0.597691
1773245386.104234,-6.802688,12.427160,-3.218223,-0.800257,-0.001412,0.011076,0.599553
1773245386.138265,-6.869435,12.513721,-3.223054,-0.798914,-0.001294,0.010981,0.601343
1773245386.171693,-6.920699,12.574965,-3.228712,-0.797682,-0.001158,0.010937,0.602978
1773245386.204611,-6.990499,12.652430,-3.244628,-0.796052,-0.000991,0.010862,0.605129
1773245386.238241,-7.039838,12.708660,-3.248855,-0.794552,-0.000828,0.010811,0.607100
1773245386.277552,-7.091483,12.761751,-3.250597,-0.793507,-0.000706,0.010789,0.608465
1773245386.304327,-7.142731,12.856773,-3.252483,-0.792278,-0.000589,0.010715,0.610066
1773245386.337769,-7.206716,12.941782,-3.261661,-0.791622,-0.000514,0.010698,0.610917
1773245386.376806,-7.270004,13.018091,-3.273121,-0.790779,-0.000429,0.010658,0.612008
1773245386.406883,-7.277992,13.001791,-3.254673,-0.787774,-0.000050,0.010645,0.615873
1773245386.438579,-7.293681,12.992551,-3.216650,-0.785176,0.000328,0.010722,0.619180
1773245386.472609,-7.267059,12.929112,-3.194576,-0.782487,0.000703,0.010779,0.622573
1773245386.504306,-7.308691,12.955602,-3.161528,-0.779645,0.001063,0.010782,0.626128
1773245386.537774,-7.357309,12.999403,-3.158452,-0.778057,0.001270,0.010789,0.628100
1773245386.572412,-7.393985,13.026721,-3.160859,-0.776610,0.001441,0.010774,0.629888
